Stn Id,Stn Name,CIMIS Region,Date,Hour (PST),Jul,ETo (mm),qc,Precip (mm),qc,Sol Rad (W/sq.m),qc,Vap Pres (kPa),qc,Air Temp (C),qc,Rel Hum (%),qc,Dew Point (C),qc,Wind Speed (m/s),qc,Wind Dir (0-360),qc,Soil Temp (C),qc
75,Irvine,South Coast Valleys,5/1/2023,0100,121,0.01, ,0.00, ,0, ,1.3, ,13.6, ,85, ,11.2, ,2.6, ,65, ,19.0, 
75,Irvine,South Coast Valleys,5/1/2023,0200,121,0.01, ,0.00, ,0, ,1.3, ,13.5, ,84, ,10.9, ,2.7, ,57, ,18.9, 
75,Irvine,South Coast Valleys,5/1/2023,0300,121,0.01, ,0.00, ,0, ,1.3, ,13.2, ,85, ,10.8, ,2.6, ,55, ,18.9, 
75,Irvine,South Coast Valleys,5/1/2023,0400,121,0.01, ,0.00, ,0, ,1.3, ,13.2, ,84, ,10.7, ,2.6, ,54, ,18.8, 
75,Irvine,South Coast Valleys,5/1/2023,0500,121,0.01, ,0.00, ,0, ,1.3, ,13.5, ,81, ,10.3, ,2.5, ,56, ,18.8, 
75,Irvine,South Coast Valleys,5/1/2023,0600,121,0.02, ,0.00, ,14, ,1.3, ,13.3, ,82, ,10.3, ,2.8, ,57, ,18.7, 
75,Irvine,South Coast Valleys,5/1/2023,0700,121,0.05, ,0.00, ,64, ,1.3, ,13.5, ,82, ,10.5, ,3.1, ,43, ,18.6, 
75,Irvine,South Coast Valleys,5/1/2023,0800,121,0.09, ,0.00, ,154, ,1.3, ,14.1, ,78, ,10.4, ,3.4, ,42, ,18.6, 
75,Irvine,South Coast Valleys,5/1/2023,0900,121,0.14, ,0.00, ,255, ,1.3, ,14.9, ,74, ,10.3, ,3.1, ,48, ,18.5, 
75,Irvine,South Coast Valleys,5/1/2023,1000,121,0.22, ,0.00, ,380, ,1.3, ,16.0, ,69, ,10.3, ,3.1, ,57, ,18.4, 
75,Irvine,South Coast Valleys,5/1/2023,1100,121,0.26, ,0.00, ,442, ,1.3, ,16.3, ,69, ,10.6, ,4.0, ,76, ,18.4, 
75,Irvine,South Coast Valleys,5/1/2023,1200,121,0.19, ,0.00, ,353, ,1.3, ,16.2, ,70, ,10.7, ,3.3, ,94, ,18.3, 
75,Irvine,South Coast Valleys,5/1/2023,1300,121,0.27, ,0.00, ,454, ,1.2, ,17.1, ,63, ,10.0, ,3.1, ,100, ,18.3, 
75,Irvine,South Coast Valleys,5/1/2023,1400,121,0.43, ,0.00, ,628, ,1.2, ,17.8, ,60, ,9.8, ,3.4, ,85, ,18.3, 
75,Irvine,South Coast Valleys,5/1/2023,1500,121,0.38, ,0.00, ,547, ,1.2, ,17.5, ,59, ,9.4, ,3.8, ,102, ,18.4, 
75,Irvine,South Coast Valleys,5/1/2023,1600,121,0.39, ,0.00, ,567, ,1.1, ,17.1, ,58, ,8.7, ,3.9, ,94, ,18.4, 
75,Irvine,South Coast Valleys,5/1/2023,1700,121,0.19, ,0.00, ,243, ,1.1, ,15.6, ,62, ,8.3, ,4.1, ,97, ,18.5, 
75,Irvine,South Coast Valleys,5/1/2023,1800,121,0.14, ,0.00, ,167, ,1.0, ,15.0, ,61, ,7.6, ,4.2, ,72, ,18.5, 
75,Irvine,South Coast Valleys,5/1/2023,1900,121,0.04, ,0.00, ,10, ,1.0, ,13.8, ,65, ,7.2, ,4.1, ,62, ,18.6, 
75,Irvine,South Coast Valleys,5/1/2023,2000,121,0.02, ,0.00, ,0, ,1.0, ,13.7, ,65, ,7.1, ,2.8, ,45, ,18.6, 
75,Irvine,South Coast Valleys,5/1/2023,2100,121,0.01, ,0.00, ,0, ,1.0, ,13.7, ,66, ,7.4, ,2.5, ,38, ,18.5, 
75,Irvine,South Coast Valleys,5/1/2023,2200,121,0.00, ,0.00, ,0, ,1.1, ,13.6, ,72, ,8.6, ,2.6, ,32, ,18.5, 
75,Irvine,South Coast Valleys,5/1/2023,2300,121,0.00, ,0.00, ,0, ,1.1, ,13.8, ,72, ,8.9, ,2.1, ,69, ,18.5, 
75,Irvine,South Coast Valleys,5/1/2023,2400,121,0.00, ,0.00, ,0, ,1.2, ,13.3, ,76, ,9.2, ,2.1, ,33, ,18.4, 
75,Irvine,South Coast Valleys,5/2/2023,0100,122,0.01, ,0.00, ,0, ,1.1, ,13.1, ,76, ,9.0, ,1.8, ,42, ,18.3, 
75,Irvine,South Coast Valleys,5/2/2023,0200,122,0.01, ,0.00, ,0, ,1.2, ,13.0, ,78, ,9.3, ,1.3, ,148, ,18.3, 
75,Irvine,South Coast Valleys,5/2/2023,0300,122,0.01, ,0.00, ,0, ,1.1, ,12.6, ,79, ,9.0, ,1.7, ,165, ,18.2, 
75,Irvine,South Coast Valleys,5/2/2023,0400,122,0.00, ,0.00, ,0, ,1.2, ,12.2, ,81, ,9.0, ,1.2, ,163, ,18.2, 
75,Irvine,South Coast Valleys,5/2/2023,0500,122,0.01, ,0.00, ,0, ,1.1, ,12.1, ,79, ,8.6, ,1.3, ,181, ,18.1, 
75,Irvine,South Coast Valleys,5/2/2023,0600,122,0.01, ,0.00, ,28, ,1.1, ,12.2, ,78, ,8.4, ,0.8, ,146, ,18.1, 
75,Irvine,South Coast Valleys,5/2/2023,0700,122,0.06, ,0.00, ,100, ,1.1, ,11.8, ,83, ,9.0, ,1.5, ,143, ,18.0, 
75,Irvine,South Coast Valleys,5/2/2023,0800,122,0.13, ,0.00, ,263, ,1.2, ,12.4, ,80, ,9.0, ,1.4, ,127, ,18.0, 
75,Irvine,South Coast Valleys,5/2/2023,0900,122,0.18, ,0.00, ,327, ,1.0, ,13.9, ,65, ,7.5, ,1.9, ,122, ,17.9, 
75,Irvine,South Coast Valleys,5/2/2023,1000,122,0.25, ,0.00, ,426, ,1.0, ,14.6, ,62, ,7.4, ,1.9, ,129, ,17.8, 
75,Irvine,South Coast Valleys,5/2/2023,1100,122,0.39, ,0.00, ,629, ,1.0, ,15.6, ,58, ,7.4, ,2.1, ,142, ,17.8, 
75,Irvine,South Coast Valleys,5/2/2023,1200,122,0.32, ,0.00, ,512, ,1.0, ,15.8, ,57, ,7.3, ,2.5, ,146, ,17.8, 
75,Irvine,South Coast Valleys,5/2/2023,1300,122,0.56, ,0.00, ,857, ,1.1, ,16.5, ,56, ,7.8, ,2.8, ,134, ,17.8, 
75,Irvine,South Coast Valleys,5/2/2023,1400,122,0.49, ,0.00, ,725, ,1.0, ,16.9, ,52, ,7.0, ,2.8, ,130, ,17.9, 
75,Irvine,South Coast Valleys,5/2/2023,1500,122,0.22, ,0.00, ,349, ,1.0, ,16.3, ,53, ,6.6, ,2.8, ,155, ,17.9, 
75,Irvine,South Coast Valleys,5/2/2023,1600,122,0.27, ,0.00, ,392, ,1.0, ,16.2, ,52, ,6.3, ,3.0, ,146, ,18.0, 
75,Irvine,South Coast Valleys,5/2/2023,1700,122,0.17, ,0.00, ,235, ,1.0, ,15.2, ,58, ,7.0, ,2.9, ,155, ,18.1, 
75,Irvine,South Coast Valleys,5/2/2023,1800,122,0.08, ,0.00, ,81, ,1.0, ,14.4, ,63, ,7.4, ,2.4, ,145, ,18.1, 
75,Irvine,South Coast Valleys,5/2/2023,1900,122,0.03, ,0.00, ,17, ,1.0, ,13.7, ,66, ,7.5, ,1.9, ,154, ,18.2, 
75,Irvine,South Coast Valleys,5/2/2023,2000,122,0.02, ,0.00, ,0, ,1.0, ,13.0, ,69, ,7.5, ,1.6, ,157, ,18.2, 
75,Irvine,South Coast Valleys,5/2/2023,2100,122,0.01, ,0.00, ,0, ,1.0, ,12.9, ,68, ,7.2, ,1.2, ,156, ,18.2, 
75,Irvine,South Coast Valleys,5/2/2023,2200,122,0.02, ,0.00, ,0, ,1.0, ,12.7, ,69, ,7.1, ,1.8, ,197, ,18.1, 
75,Irvine,South Coast Valleys,5/2/2023,2300,122,0.02, ,0.00, ,0, ,1.0, ,12.6, ,68, ,6.9, ,1.4, ,208, ,18.1, 
75,Irvine,South Coast Valleys,5/2/2023,2400,122,0.01, ,0.00, ,0, ,1.0, ,12.3, ,69, ,6.7, ,1.1, ,258, ,18.0, 
75,Irvine,South Coast Valleys,5/3/2023,0100,123,0.00, ,0.00, ,0, ,1.0, ,12.1, ,70, ,6.8, ,1.2, ,248, ,18.0, 
75,Irvine,South Coast Valleys,5/3/2023,0200,123,0.00, ,0.00, ,0, ,1.0, ,12.0, ,71, ,6.9, ,1.3, ,252, ,17.9, 
75,Irvine,South Coast Valleys,5/3/2023,0300,123,0.00, ,0.00, ,0, ,1.0, ,11.8, ,73, ,7.2, ,1.2, ,229, ,17.8, 
75,Irvine,South Coast Valleys,5/3/2023,0400,123,0.00, ,0.00, ,0, ,1.0, ,11.8, ,74, ,7.3, ,0.9, ,240, ,17.8, 
75,Irvine,South Coast Valleys,5/3/2023,0500,123,0.00, ,0.00, ,0, ,1.0, ,11.8, ,74, ,7.2, ,1.2, ,244, ,17.7, 
75,Irvine,South Coast Valleys,5/3/2023,0600,123,0.01, ,0.00, ,17, ,1.0, ,11.7, ,73, ,7.1, ,1.1, ,244, ,17.7, 
75,Irvine,South Coast Valleys,5/3/2023,0700,123,0.11, ,0.00, ,218, ,1.1, ,11.6, ,79, ,8.1, ,1.1, ,233, ,17.6, 
75,Irvine,South Coast Valleys,5/3/2023,0800,123,0.26, ,0.00, ,485, ,1.0, ,13.4, ,65, ,7.0, ,1.4, ,220, ,17.6, 
75,Irvine,South Coast Valleys,5/3/2023,0900,123,0.39, ,0.00, ,672, ,1.0, ,15.1, ,57, ,6.6, ,1.8, ,159, ,17.5, 
75,Irvine,South Coast Valleys,5/3/2023,1000,123,0.44, ,0.00, ,687, ,1.0, ,16.1, ,52, ,6.3, ,2.2, ,130, ,17.4, 
75,Irvine,South Coast Valleys,5/3/2023,1100,123,0.59, ,0.00, ,895, ,1.0, ,17.1, ,50, ,6.5, ,2.4, ,118, ,17.4, 
75,Irvine,South Coast Valleys,5/3/2023,1200,123,0.51, ,0.00, ,739, ,1.0, ,17.0, ,52, ,7.1, ,3.2, ,136, ,17.5, 
75,Irvine,South Coast Valleys,5/3/2023,1300,123,0.50, ,0.00, ,729, ,1.0, ,17.2, ,51, ,7.0, ,3.3, ,114, ,17.5, 
75,Irvine,South Coast Valleys,5/3/2023,1400,123,0.44, ,0.00, ,621, ,0.9, ,17.1, ,48, ,6.1, ,3.6, ,95, ,17.6, 
75,Irvine,South Coast Valleys,5/3/2023,1500,123,0.35, ,0.00, ,505, ,0.9, ,16.8, ,49, ,6.0, ,3.2, ,124, ,17.7, 
75,Irvine,South Coast Valleys,5/3/2023,1600,123,0.24, ,0.00, ,342, ,0.9, ,16.2, ,50, ,5.7, ,3.0, ,132, ,17.8, 
75,Irvine,South Coast Valleys,5/3/2023,1700,123,0.16, ,0.00, ,222, ,1.0, ,15.4, ,56, ,6.8, ,3.0, ,128, ,17.8, 
75,Irvine,South Coast Valleys,5/3/2023,1800,123,0.09, ,0.00, ,79, ,1.0, ,14.5, ,62, ,7.2, ,2.6, ,136, ,17.9, 
75,Irvine,South Coast Valleys,5/3/2023,1900,123,0.03, ,0.00, ,10, ,1.0, ,13.8, ,65, ,7.3, ,2.0, ,104, ,17.9, 
75,Irvine,South Coast Valleys,5/3/2023,2000,123,0.02, ,0.00, ,0, ,1.1, ,13.4, ,70, ,8.0, ,2.1, ,98, ,18.0, 
75,Irvine,South Coast Valleys,5/3/2023,2100,123,0.02, ,0.00, ,0, ,1.1, ,13.6, ,70, ,8.2, ,2.4, ,58, ,18.0, 
75,Irvine,South Coast Valleys,5/3/2023,2200,123,0.02, ,0.00, ,0, ,1.1, ,13.0, ,73, ,8.4, ,2.4, ,32, ,17.9, 
75,Irvine,South Coast Valleys,5/3/2023,2300,123,0.01, ,2.50, ,0, ,1.1, ,12.4, ,79, ,8.9, ,2.0, ,24, ,17.9, 
75,Irvine,South Coast Valleys,5/3/2023,2400,123,0.00, ,0.00, ,0, ,1.2, ,12.1, ,85, ,9.6, ,1.7, ,27, ,17.8, 
75,Irvine,South Coast Valleys,5/4/2023,0100,124,0.01, ,0.00, ,0, ,1.2, ,12.1, ,83, ,9.2, ,2.5, ,22, ,17.8, 
75,Irvine,South Coast Valleys,5/4/2023,0200,124,0.01, ,0.10, ,0, ,1.2, ,12.1, ,83, ,9.2, ,2.2, ,23, ,17.7, 
75,Irvine,South Coast Valleys,5/4/2023,0300,124,0.00, ,1.70, ,0, ,1.2, ,11.9, ,86, ,9.7, ,2.3, ,32, ,17.7, 
75,Irvine,South Coast Valleys,5/4/2023,0400,124,0.00, ,1.90, ,0, ,1.2, ,11.6, ,89, ,9.9, ,2.5, ,36, ,17.6, 
75,Irvine,South Coast Valleys,5/4/2023,0500,124,0.00, ,1.60, ,0, ,1.2, ,11.6, ,91, ,10.2, ,2.3, ,40, ,17.5, 
75,Irvine,South Coast Valleys,5/4/2023,0600,124,0.00, ,10.00, ,2, ,1.3, ,11.4, ,93, ,10.4, ,1.7, ,28, ,17.4, 
75,Irvine,South Coast Valleys,5/4/2023,0700,124,0.02, ,0.50, ,53, ,1.3, ,11.4, ,98, ,11.1, ,1.0, ,324, ,17.3, 
75,Irvine,South Coast Valleys,5/4/2023,0800,124,0.07, ,3.20, ,166, ,1.4, ,12.0, ,99, ,11.8, ,1.0, ,238, ,17.2, 
75,Irvine,South Coast Valleys,5/4/2023,0900,124,0.05, ,0.40, ,171, ,1.4, ,12.5, ,97, ,12.0, ,1.5, ,197, ,17.0, 
75,Irvine,South Coast Valleys,5/4/2023,1000,124,0.17, ,0.10, ,354, ,1.3, ,14.0, ,80, ,10.6, ,1.8, ,130, ,16.9, 
75,Irvine,South Coast Valleys,5/4/2023,1100,124,0.30, ,0.00, ,492, ,1.2, ,15.3, ,68, ,9.4, ,2.8, ,144, ,16.9, 
75,Irvine,South Coast Valleys,5/4/2023,1200,124,0.36, ,0.00, ,565, ,1.1, ,15.9, ,59, ,7.9, ,3.0, ,140, ,16.9, 
75,Irvine,South Coast Valleys,5/4/2023,1300,124,0.32, ,0.00, ,498, ,1.0, ,16.1, ,57, ,7.6, ,2.7, ,126, ,16.9, 
75,Irvine,South Coast Valleys,5/4/2023,1400,124,0.45, ,0.00, ,670, ,1.0, ,16.8, ,54, ,7.4, ,2.9, ,109, ,16.9, 
75,Irvine,South Coast Valleys,5/4/2023,1500,124,0.31, ,0.00, ,461, ,1.0, ,16.5, ,54, ,7.3, ,3.1, ,110, ,16.9, 
75,Irvine,South Coast Valleys,5/4/2023,1600,124,0.27, ,0.00, ,398, ,1.0, ,16.0, ,55, ,7.0, ,2.7, ,132, ,17.0, 
75,Irvine,South Coast Valleys,5/4/2023,1700,124,0.23, ,0.00, ,354, ,1.0, ,16.1, ,57, ,7.4, ,2.6, ,123, ,17.1, 
75,Irvine,South Coast Valleys,5/4/2023,1800,124,0.11, ,0.00, ,152, ,1.1, ,15.2, ,63, ,8.1, ,2.5, ,120, ,17.1, 
75,Irvine,South Coast Valleys,5/4/2023,1900,124,0.02, ,0.00, ,15, ,1.2, ,14.4, ,72, ,9.4, ,2.4, ,111, ,17.2, 
75,Irvine,South Coast Valleys,5/4/2023,2000,124,0.00, ,0.00, ,0, ,1.2, ,13.8, ,73, ,9.2, ,1.9, ,105, ,17.3, 
75,Irvine,South Coast Valleys,5/4/2023,2100,124,0.00, ,0.00, ,0, ,1.1, ,13.8, ,71, ,8.7, ,1.6, ,107, ,17.3, 
75,Irvine,South Coast Valleys,5/4/2023,2200,124,0.00, ,0.00, ,0, ,1.1, ,13.6, ,73, ,8.9, ,1.5, ,93, ,17.3, 
75,Irvine,South Coast Valleys,5/4/2023,2300,124,0.00, ,0.00, ,0, ,1.1, ,13.6, ,71, ,8.5, ,1.6, ,30, ,17.3, 
75,Irvine,South Coast Valleys,5/4/2023,2400,124,0.00, ,0.10, ,0, ,1.2, ,13.2, ,76, ,9.1, ,1.3, ,53, ,17.2, 
75,Irvine,South Coast Valleys,5/5/2023,0100,125,0.00, ,0.00, ,0, ,1.2, ,12.6, ,85, ,10.1, ,1.4, ,30, ,17.2, 
75,Irvine,South Coast Valleys,5/5/2023,0200,125,0.00, ,0.00, ,0, ,1.2, ,12.3, ,87, ,10.2, ,1.2, ,10, ,17.2, 
75,Irvine,South Coast Valleys,5/5/2023,0300,125,0.00, ,0.00, ,0, ,1.3, ,12.3, ,88, ,10.3, ,1.2, ,41, ,17.2, 
75,Irvine,South Coast Valleys,5/5/2023,0400,125,0.00, ,0.00, ,0, ,1.3, ,12.0, ,90, ,10.4, ,0.8, ,357, ,17.1, 
75,Irvine,South Coast Valleys,5/5/2023,0500,125,0.00, ,0.00, ,0, ,1.2, ,11.5, ,92, ,10.2, ,0.6, ,344, ,17.1, 
75,Irvine,South Coast Valleys,5/5/2023,0600,125,0.01, ,0.80, ,21, ,1.3, ,11.8, ,91, ,10.5, ,1.1, ,24, ,17.1, 
75,Irvine,South Coast Valleys,5/5/2023,0700,125,0.04, ,0.10, ,90, ,1.3, ,12.4, ,92, ,11.2, ,0.9, ,359, ,17.0, 
75,Irvine,South Coast Valleys,5/5/2023,0800,125,0.06, ,0.30, ,143, ,1.4, ,12.5, ,95, ,11.7, ,1.3, ,207, ,17.0, 
75,Irvine,South Coast Valleys,5/5/2023,0900,125,0.14, ,0.00, ,308, ,1.3, ,13.2, ,87, ,11.2, ,1.1, ,219, ,16.9, 
75,Irvine,South Coast Valleys,5/5/2023,1000,125,0.23, ,0.00, ,420, ,1.2, ,14.4, ,74, ,9.8, ,1.3, ,114, ,16.9, 
75,Irvine,South Coast Valleys,5/5/2023,1100,125,0.39, ,0.00, ,633, ,1.1, ,16.0, ,63, ,8.9, ,1.7, ,27, ,16.9, 
75,Irvine,South Coast Valleys,5/5/2023,1200,125,0.19, ,0.00, ,363, ,1.1, ,16.0, ,62, ,8.7, ,2.3, ,80, ,16.9, 
75,Irvine,South Coast Valleys,5/5/2023,1300,125,0.38, ,0.00, ,614, ,1.1, ,16.8, ,59, ,8.8, ,1.7, ,111, ,16.9, 
75,Irvine,South Coast Valleys,5/5/2023,1400,125,0.38, ,0.00, ,561, ,1.1, ,17.4, ,56, ,8.6, ,2.7, ,183, ,17.0, 
75,Irvine,South Coast Valleys,5/5/2023,1500,125,0.31, ,0.00, ,471, ,1.1, ,17.5, ,55, ,8.5, ,2.2, ,165, ,17.1, 
75,Irvine,South Coast Valleys,5/5/2023,1600,125,0.37, ,0.00, ,555, ,1.1, ,17.8, ,55, ,8.6, ,2.4, ,144, ,17.2, 
75,Irvine,South Coast Valleys,5/5/2023,1700,125,0.26, ,0.00, ,409, ,1.1, ,17.4, ,56, ,8.7, ,2.6, ,141, ,17.2, 
75,Irvine,South Coast Valleys,5/5/2023,1800,125,0.13, ,0.00, ,174, ,1.1, ,16.5, ,60, ,8.7, ,2.4, ,157, ,17.3, 
75,Irvine,South Coast Valleys,5/5/2023,1900,125,0.02, ,0.00, ,20, ,1.2, ,14.9, ,69, ,9.3, ,2.1, ,165, ,17.4, 
75,Irvine,South Coast Valleys,5/5/2023,2000,125,0.00, ,0.00, ,0, ,1.2, ,14.3, ,72, ,9.3, ,1.7, ,151, ,17.5, 
75,Irvine,South Coast Valleys,5/5/2023,2100,125,0.00, ,0.00, ,0, ,1.1, ,13.5, ,74, ,9.0, ,0.8, ,191, ,17.5, 
75,Irvine,South Coast Valleys,5/5/2023,2200,125,0.00, ,0.00, ,0, ,1.2, ,11.5, ,85, ,9.1, ,0.6, ,320, ,17.5, 
75,Irvine,South Coast Valleys,5/5/2023,2300,125,0.00, ,0.00, ,0, ,1.1, ,10.6, ,89, ,8.8, ,0.8, ,350, ,17.5, 
75,Irvine,South Coast Valleys,5/5/2023,2400,125,0.00, ,0.00, ,0, ,1.1, ,10.0, ,90, ,8.4, ,0.6, ,359, ,17.4, 
75,Irvine,South Coast Valleys,5/6/2023,0100,126,0.00, ,0.00, ,0, ,1.1, ,9.6, ,91, ,8.2, ,0.6, ,351, ,17.4, 
75,Irvine,South Coast Valleys,5/6/2023,0200,126,0.00, ,0.00, ,0, ,1.1, ,9.5, ,90, ,8.0, ,0.6, ,345, ,17.3, 
75,Irvine,South Coast Valleys,5/6/2023,0300,126,0.00, ,0.00, ,0, ,1.1, ,9.1, ,91, ,7.8, ,0.5, ,0, ,17.2, 
75,Irvine,South Coast Valleys,5/6/2023,0400,126,0.00, ,0.00, ,0, ,1.0, ,8.9, ,91, ,7.5, ,0.7, ,11, ,17.2, 
75,Irvine,South Coast Valleys,5/6/2023,0500,126,0.00, ,0.00, ,1, ,1.0, ,8.8, ,91, ,7.4, ,0.6, ,339, ,17.1, 
75,Irvine,South Coast Valleys,5/6/2023,0600,126,0.00, ,0.00, ,56, ,1.1, ,9.5, ,90, ,7.9, ,0.6, ,346, ,17.0, 
75,Irvine,South Coast Valleys,5/6/2023,0700,126,0.13, ,0.00, ,265, ,1.2, ,12.7, ,83, ,9.8, ,0.9, ,10, ,16.9, 
75,Irvine,South Coast Valleys,5/6/2023,0800,126,0.25, ,0.00, ,462, ,1.2, ,14.0, ,76, ,9.9, ,1.1, ,151, ,16.8, 
75,Irvine,South Coast Valleys,5/6/2023,0900,126,0.39, ,0.00, ,668, ,1.1, ,15.6, ,65, ,8.9, ,1.5, ,149, ,16.7, 
75,Irvine,South Coast Valleys,5/6/2023,1000,126,0.50, ,0.00, ,820, ,1.1, ,17.1, ,57, ,8.6, ,1.5, ,119, ,16.6, 
75,Irvine,South Coast Valleys,5/6/2023,1100,126,0.54, ,0.00, ,816, ,1.1, ,18.0, ,53, ,8.3, ,1.9, ,187, ,16.6, 
75,Irvine,South Coast Valleys,5/6/2023,1200,126,0.60, ,0.00, ,889, ,1.2, ,18.5, ,57, ,9.9, ,2.5, ,171, ,16.7, 
75,Irvine,South Coast Valleys,5/6/2023,1300,126,0.64, ,0.00, ,939, ,1.2, ,18.8, ,56, ,9.8, ,2.9, ,178, ,16.8, 
75,Irvine,South Coast Valleys,5/6/2023,1400,126,0.60, ,0.00, ,875, ,1.2, ,18.9, ,55, ,9.6, ,3.1, ,173, ,16.9, 
75,Irvine,South Coast Valleys,5/6/2023,1500,126,0.51, ,0.00, ,764, ,1.2, ,18.8, ,57, ,10.1, ,3.2, ,170, ,17.0, 
75,Irvine,South Coast Valleys,5/6/2023,1600,126,0.39, ,0.00, ,562, ,1.1, ,18.4, ,54, ,9.0, ,3.1, ,167, ,17.1, 
75,Irvine,South Coast Valleys,5/6/2023,1700,126,0.27, ,0.00, ,385, ,1.0, ,17.8, ,50, ,7.3, ,2.9, ,153, ,17.3, 
75,Irvine,South Coast Valleys,5/6/2023,1800,126,0.14, ,0.00, ,176, ,1.0, ,16.7, ,55, ,7.5, ,2.5, ,136, ,17.4, 
75,Irvine,South Coast Valleys,5/6/2023,1900,126,0.01, ,0.00, ,19, ,1.2, ,15.1, ,69, ,9.4, ,1.8, ,149, ,17.5, 
75,Irvine,South Coast Valleys,5/6/2023,2000,126,0.00, ,0.00, ,0, ,1.2, ,14.2, ,72, ,9.2, ,1.3, ,158, ,17.6, 
75,Irvine,South Coast Valleys,5/6/2023,2100,126,0.00, ,0.00, ,0, ,1.2, ,13.5, ,79, ,9.8, ,0.8, ,127, ,17.6, 
75,Irvine,South Coast Valleys,5/6/2023,2200,126,0.00, ,0.00, ,0, ,1.2, ,11.5, ,86, ,9.3, ,0.7, ,345, ,17.6, 
75,Irvine,South Coast Valleys,5/6/2023,2300,126,0.00, ,0.00, ,0, ,1.2, ,11.0, ,89, ,9.2, ,0.5, ,359, ,17.6, 
75,Irvine,South Coast Valleys,5/6/2023,2400,126,0.00, ,0.00, ,0, ,1.2, ,10.5, ,90, ,9.0, ,0.6, ,3, ,17.5, 
75,Irvine,South Coast Valleys,5/7/2023,0100,127,0.00, ,0.00, ,0, ,1.1, ,10.0, ,92, ,8.6, ,0.6, ,17, ,17.5, 
75,Irvine,South Coast Valleys,5/7/2023,0200,127,0.00, ,0.00, ,0, ,1.1, ,9.7, ,91, ,8.3, ,0.5, ,10, ,17.4, 
75,Irvine,South Coast Valleys,5/7/2023,0300,127,0.00, ,0.00, ,0, ,1.1, ,9.8, ,91, ,8.4, ,0.5, ,8, ,17.3, 
75,Irvine,South Coast Valleys,5/7/2023,0400,127,0.00, ,0.00, ,0, ,1.1, ,9.7, ,92, ,8.4, ,0.5, ,3, ,17.2, 
75,Irvine,South Coast Valleys,5/7/2023,0500,127,0.00, ,0.00, ,0, ,1.1, ,9.4, ,92, ,8.2, ,0.7, ,3, ,17.2, 
75,Irvine,South Coast Valleys,5/7/2023,0600,127,0.00, ,0.00, ,59, ,1.1, ,10.2, ,92, ,9.0, ,0.6, ,3, ,17.1, 
75,Irvine,South Coast Valleys,5/7/2023,0700,127,0.13, ,0.00, ,265, ,1.3, ,13.4, ,84, ,10.8, ,0.8, ,4, ,17.0, 
75,Irvine,South Coast Valleys,5/7/2023,0800,127,0.24, ,0.00, ,429, ,1.3, ,14.2, ,78, ,10.4, ,1.3, ,133, ,16.9, 
75,Irvine,South Coast Valleys,5/7/2023,0900,127,0.38, ,0.00, ,634, ,1.2, ,16.0, ,65, ,9.5, ,1.4, ,162, ,16.8, 
75,Irvine,South Coast Valleys,5/7/2023,1000,127,0.47, ,0.00, ,736, ,1.1, ,16.9, ,59, ,9.0, ,1.6, ,188, ,16.7, 
75,Irvine,South Coast Valleys,5/7/2023,1100,127,0.58, ,0.00, ,861, ,1.2, ,18.2, ,58, ,9.8, ,2.3, ,179, ,16.7, 
75,Irvine,South Coast Valleys,5/7/2023,1200,127,0.63, ,0.00, ,963, ,1.2, ,18.9, ,56, ,10.1, ,2.7, ,159, ,16.8, 
75,Irvine,South Coast Valleys,5/7/2023,1300,127,0.64, ,0.00, ,948, ,1.2, ,19.3, ,54, ,9.7, ,2.9, ,160, ,16.9, 
75,Irvine,South Coast Valleys,5/7/2023,1400,127,0.60, ,0.00, ,879, ,1.2, ,19.3, ,55, ,10.1, ,3.0, ,177, ,17.0, 
75,Irvine,South Coast Valleys,5/7/2023,1500,127,0.52, ,0.00, ,760, ,1.2, ,19.3, ,55, ,10.1, ,2.9, ,174, ,17.1, 
75,Irvine,South Coast Valleys,5/7/2023,1600,127,0.40, ,0.00, ,591, ,1.2, ,19.0, ,57, ,10.2, ,2.8, ,160, ,17.2, 
75,Irvine,South Coast Valleys,5/7/2023,1700,127,0.26, ,0.00, ,385, ,1.2, ,18.7, ,55, ,9.6, ,2.5, ,140, ,17.4, 
75,Irvine,South Coast Valleys,5/7/2023,1800,127,0.13, ,0.00, ,173, ,1.2, ,17.9, ,56, ,9.1, ,2.3, ,164, ,17.5, 
75,Irvine,South Coast Valleys,5/7/2023,1900,127,0.02, ,0.00, ,23, ,1.2, ,16.3, ,64, ,9.4, ,1.8, ,161, ,17.6, 
75,Irvine,South Coast Valleys,5/7/2023,2000,127,0.00, ,0.00, ,0, ,1.2, ,15.0, ,72, ,9.9, ,1.1, ,161, ,17.7, 
75,Irvine,South Coast Valleys,5/7/2023,2100,127,0.00, ,0.00, ,0, ,1.3, ,13.7, ,81, ,10.5, ,0.7, ,209, ,17.7, 
75,Irvine,South Coast Valleys,5/7/2023,2200,127,0.00, ,0.00, ,0, ,1.2, ,12.0, ,88, ,10.0, ,0.8, ,336, ,17.8, 
75,Irvine,South Coast Valleys,5/7/2023,2300,127,0.00, ,0.00, ,0, ,1.2, ,11.0, ,90, ,9.5, ,0.6, ,344, ,17.7, 
75,Irvine,South Coast Valleys,5/7/2023,2400,127,0.00, ,0.00, ,0, ,1.2, ,10.8, ,91, ,9.3, ,0.5, ,353, ,17.7, 
75,Irvine,South Coast Valleys,5/8/2023,0100,128,0.00, ,0.00, ,0, ,1.1, ,10.3, ,89, ,8.6, ,0.5, ,356, ,17.6, 
75,Irvine,South Coast Valleys,5/8/2023,0200,128,0.00, ,0.00, ,0, ,1.1, ,10.1, ,90, ,8.6, ,0.5, ,356, ,17.6, 
75,Irvine,South Coast Valleys,5/8/2023,0300,128,0.00, ,0.00, ,0, ,1.1, ,10.0, ,90, ,8.4, ,0.5, ,356, ,17.5, 
75,Irvine,South Coast Valleys,5/8/2023,0400,128,0.00, ,0.00, ,0, ,1.1, ,9.7, ,91, ,8.3, ,0.6, ,359, ,17.4, 
75,Irvine,South Coast Valleys,5/8/2023,0500,128,0.00, ,0.00, ,1, ,1.1, ,9.3, ,91, ,8.0, ,0.5, ,0, ,17.3, 
75,Irvine,South Coast Valleys,5/8/2023,0600,128,0.00, ,0.00, ,32, ,1.2, ,10.5, ,91, ,9.1, ,0.7, ,231, ,17.2, 
75,Irvine,South Coast Valleys,5/8/2023,0700,128,0.11, ,0.00, ,221, ,1.3, ,12.8, ,89, ,11.0, ,0.9, ,68, ,17.1, 
75,Irvine,South Coast Valleys,5/8/2023,0800,128,0.26, ,0.00, ,506, ,1.4, ,14.4, ,82, ,11.4, ,1.3, ,102, ,17.0, 
75,Irvine,South Coast Valleys,5/8/2023,0900,128,0.37, ,0.00, ,612, ,1.3, ,16.1, ,72, ,11.0, ,1.5, ,148, ,16.9, 
75,Irvine,South Coast Valleys,5/8/2023,1000,128,0.51, ,0.00, ,837, ,1.3, ,17.9, ,64, ,11.0, ,1.7, ,130, ,16.9, 
75,Irvine,South Coast Valleys,5/8/2023,1100,128,0.61, ,0.00, ,939, ,1.3, ,19.4, ,59, ,11.2, ,1.8, ,146, ,16.9, 
75,Irvine,South Coast Valleys,5/8/2023,1200,128,0.65, ,0.00, ,967, ,1.4, ,20.2, ,61, ,12.4, ,2.6, ,161, ,17.0, 
75,Irvine,South Coast Valleys,5/8/2023,1300,128,0.64, ,0.00, ,950, ,1.5, ,20.3, ,62, ,12.8, ,3.1, ,170, ,17.1, 
75,Irvine,South Coast Valleys,5/8/2023,1400,128,0.60, ,0.00, ,880, ,1.5, ,20.0, ,62, ,12.5, ,2.9, ,165, ,17.2, 
75,Irvine,South Coast Valleys,5/8/2023,1500,128,0.52, ,0.00, ,758, ,1.4, ,20.1, ,59, ,11.8, ,2.7, ,177, ,17.4, 
75,Irvine,South Coast Valleys,5/8/2023,1600,128,0.40, ,0.00, ,589, ,1.4, ,20.0, ,59, ,11.6, ,2.5, ,174, ,17.5, 
75,Irvine,South Coast Valleys,5/8/2023,1700,128,0.26, ,0.00, ,382, ,1.4, ,19.6, ,59, ,11.5, ,2.3, ,170, ,17.7, 
75,Irvine,South Coast Valleys,5/8/2023,1800,128,0.12, ,0.00, ,168, ,1.3, ,18.4, ,63, ,11.3, ,2.2, ,169, ,17.8, 
75,Irvine,South Coast Valleys,5/8/2023,1900,128,0.02, ,0.00, ,21, ,1.3, ,16.5, ,69, ,10.8, ,1.6, ,165, ,17.9, 
75,Irvine,South Coast Valleys,5/8/2023,2000,128,0.00, ,0.00, ,0, ,1.2, ,15.4, ,71, ,10.1, ,0.9, ,163, ,18.0, 
75,Irvine,South Coast Valleys,5/8/2023,2100,128,0.00, ,0.00, ,0, ,1.3, ,14.4, ,78, ,10.6, ,0.9, ,161, ,18.0, 
75,Irvine,South Coast Valleys,5/8/2023,2200,128,0.00, ,0.00, ,0, ,1.3, ,13.4, ,84, ,10.8, ,0.8, ,308, ,18.0, 
75,Irvine,South Coast Valleys,5/8/2023,2300,128,0.00, ,0.00, ,0, ,1.2, ,11.7, ,90, ,10.1, ,0.5, ,355, ,18.0, 
75,Irvine,South Coast Valleys,5/8/2023,2400,128,0.00, ,0.00, ,0, ,1.2, ,11.3, ,91, ,9.8, ,0.6, ,10, ,18.0, 
75,Irvine,South Coast Valleys,5/9/2023,0100,129,0.00, ,0.00, ,0, ,1.2, ,10.8, ,91, ,9.4, ,0.6, ,11, ,17.9, 
75,Irvine,South Coast Valleys,5/9/2023,0200,129,0.00, ,0.00, ,0, ,1.2, ,10.7, ,93, ,9.5, ,0.6, ,12, ,17.8, 
75,Irvine,South Coast Valleys,5/9/2023,0300,129,0.00, ,0.00, ,0, ,1.3, ,13.2, ,89, ,11.4, ,1.4, ,29, ,17.8, 
75,Irvine,South Coast Valleys,5/9/2023,0400,129,0.00, ,0.00, ,0, ,1.3, ,13.9, ,85, ,11.4, ,1.3, ,21, ,17.7, 
75,Irvine,South Coast Valleys,5/9/2023,0500,129,0.01, ,0.00, ,0, ,1.3, ,14.0, ,82, ,10.9, ,1.6, ,46, ,17.6, 
75,Irvine,South Coast Valleys,5/9/2023,0600,129,0.02, ,0.00, ,22, ,1.3, ,14.0, ,81, ,10.7, ,1.8, ,31, ,17.5, 
75,Irvine,South Coast Valleys,5/9/2023,0700,129,0.03, ,0.00, ,51, ,1.3, ,13.8, ,83, ,11.0, ,2.3, ,38, ,17.4, 
75,Irvine,South Coast Valleys,5/9/2023,0800,129,0.08, ,0.00, ,143, ,1.3, ,14.0, ,80, ,10.6, ,2.4, ,36, ,17.4, 
75,Irvine,South Coast Valleys,5/9/2023,0900,129,0.25, ,0.00, ,399, ,1.2, ,15.6, ,69, ,9.9, ,2.6, ,32, ,17.4, 
75,Irvine,South Coast Valleys,5/9/2023,1000,129,0.31, ,0.00, ,490, ,1.2, ,16.7, ,62, ,9.3, ,2.1, ,59, ,17.3, 
75,Irvine,South Coast Valleys,5/9/2023,1100,129,0.47, ,0.00, ,713, ,1.2, ,17.8, ,59, ,9.7, ,2.2, ,98, ,17.3, 
75,Irvine,South Coast Valleys,5/9/2023,1200,129,0.61, ,0.00, ,898, ,1.2, ,18.8, ,57, ,10.1, ,2.1, ,97, ,17.3, 
75,Irvine,South Coast Valleys,5/9/2023,1300,129,0.62, ,0.00, ,889, ,1.3, ,19.8, ,54, ,10.3, ,2.4, ,123, ,17.3, 
75,Irvine,South Coast Valleys,5/9/2023,1400,129,0.55, ,0.00, ,783, ,1.3, ,20.0, ,56, ,10.9, ,2.7, ,167, ,17.4, 
75,Irvine,South Coast Valleys,5/9/2023,1500,129,0.53, ,0.00, ,741, ,1.3, ,20.2, ,54, ,10.5, ,3.0, ,161, ,17.5, 
75,Irvine,South Coast Valleys,5/9/2023,1600,129,0.42, ,0.00, ,613, ,1.3, ,19.8, ,56, ,10.7, ,3.3, ,171, ,17.6, 
75,Irvine,South Coast Valleys,5/9/2023,1700,129,0.20, ,0.00, ,281, ,1.3, ,18.1, ,62, ,10.7, ,3.0, ,139, ,17.8, 
75,Irvine,South Coast Valleys,5/9/2023,1800,129,0.08, ,0.00, ,59, ,1.3, ,16.5, ,68, ,10.6, ,2.9, ,149, ,17.9, 
75,Irvine,South Coast Valleys,5/9/2023,1900,129,0.03, ,0.00, ,12, ,1.3, ,15.3, ,75, ,10.8, ,2.8, ,152, ,18.0, 
75,Irvine,South Coast Valleys,5/9/2023,2000,129,0.02, ,0.00, ,0, ,1.3, ,14.4, ,77, ,10.5, ,2.9, ,156, ,18.0, 
75,Irvine,South Coast Valleys,5/9/2023,2100,129,0.02, ,0.00, ,0, ,1.2, ,14.2, ,75, ,9.9, ,2.5, ,167, ,18.1, 
75,Irvine,South Coast Valleys,5/9/2023,2200,129,0.02, ,0.00, ,0, ,1.2, ,14.0, ,74, ,9.6, ,2.3, ,155, ,18.1, 
75,Irvine,South Coast Valleys,5/9/2023,2300,129,0.02, ,0.00, ,0, ,1.2, ,13.9, ,73, ,9.1, ,2.3, ,158, ,18.1, 
75,Irvine,South Coast Valleys,5/9/2023,2400,129,0.02, ,0.10, ,0, ,1.2, ,13.6, ,75, ,9.2, ,2.1, ,165, ,18.0, 
75,Irvine,South Coast Valleys,5/10/2023,0100,130,0.02, ,0.00, ,0, ,1.2, ,13.3, ,76, ,9.2, ,1.9, ,142, ,18.0, 
75,Irvine,South Coast Valleys,5/10/2023,0200,130,0.02, ,0.00, ,0, ,1.2, ,13.3, ,76, ,9.1, ,1.9, ,132, ,17.9, 
75,Irvine,South Coast Valleys,5/10/2023,0300,130,0.01, ,0.00, ,0, ,1.2, ,13.2, ,76, ,9.0, ,1.2, ,118, ,17.9, 
75,Irvine,South Coast Valleys,5/10/2023,0400,130,0.01, ,0.00, ,0, ,1.1, ,12.9, ,77, ,8.9, ,1.6, ,107, ,17.8, 
75,Irvine,South Coast Valleys,5/10/2023,0500,130,0.01, ,0.00, ,0, ,1.1, ,12.8, ,77, ,8.8, ,1.4, ,30, ,17.8, 
75,Irvine,South Coast Valleys,5/10/2023,0600,130,0.01, ,0.00, ,12, ,1.2, ,12.8, ,80, ,9.3, ,1.1, ,359, ,17.8, 
75,Irvine,South Coast Valleys,5/10/2023,0700,130,0.04, ,0.00, ,63, ,1.2, ,13.1, ,79, ,9.6, ,1.8, ,30, ,17.7, 
75,Irvine,South Coast Valleys,5/10/2023,0800,130,0.16, ,0.00, ,273, ,1.2, ,14.2, ,73, ,9.4, ,1.9, ,26, ,17.7, 
75,Irvine,South Coast Valleys,5/10/2023,0900,130,0.39, ,0.00, ,643, ,1.2, ,15.9, ,65, ,9.4, ,1.9, ,52, ,17.6, 
75,Irvine,South Coast Valleys,5/10/2023,1000,130,0.27, ,0.00, ,437, ,1.1, ,16.4, ,61, ,9.0, ,1.9, ,93, ,17.6, 
75,Irvine,South Coast Valleys,5/10/2023,1100,130,0.45, ,0.00, ,696, ,1.2, ,17.5, ,59, ,9.4, ,2.0, ,128, ,17.6, 
75,Irvine,South Coast Valleys,5/10/2023,1200,130,0.33, ,0.00, ,512, ,1.2, ,17.9, ,59, ,9.8, ,2.4, ,140, ,17.6, 
75,Irvine,South Coast Valleys,5/10/2023,1300,130,0.34, ,0.00, ,526, ,1.2, ,18.1, ,58, ,9.8, ,2.1, ,111, ,17.6, 
75,Irvine,South Coast Valleys,5/10/2023,1400,130,0.59, ,0.00, ,887, ,1.2, ,19.2, ,56, ,10.1, ,3.0, ,101, ,17.7, 
75,Irvine,South Coast Valleys,5/10/2023,1500,130,0.52, ,0.00, ,763, ,1.2, ,18.9, ,56, ,9.9, ,3.2, ,100, ,17.8, 
75,Irvine,South Coast Valleys,5/10/2023,1600,130,0.34, ,0.00, ,495, ,1.2, ,18.5, ,56, ,9.7, ,2.9, ,103, ,17.8, 
75,Irvine,South Coast Valleys,5/10/2023,1700,130,0.24, ,0.00, ,352, ,1.2, ,18.2, ,57, ,9.6, ,2.5, ,104, ,17.9, 
75,Irvine,South Coast Valleys,5/10/2023,1800,130,0.12, ,0.00, ,147, ,1.2, ,17.3, ,60, ,9.5, ,2.7, ,100, ,18.0, 
75,Irvine,South Coast Valleys,5/10/2023,1900,130,0.03, ,0.00, ,22, ,1.2, ,15.5, ,70, ,10.2, ,2.4, ,109, ,18.1, 
75,Irvine,South Coast Valleys,5/10/2023,2000,130,0.00, ,0.00, ,0, ,1.3, ,14.7, ,75, ,10.4, ,1.9, ,66, ,18.2, 
75,Irvine,South Coast Valleys,5/10/2023,2100,130,0.00, ,0.00, ,0, ,1.2, ,14.2, ,77, ,10.2, ,1.8, ,37, ,18.2, 
75,Irvine,South Coast Valleys,5/10/2023,2200,130,0.00, ,0.00, ,0, ,1.2, ,13.0, ,82, ,10.0, ,1.0, ,0, ,18.2, 
75,Irvine,South Coast Valleys,5/10/2023,2300,130,0.00, ,0.00, ,0, ,1.2, ,12.4, ,86, ,10.1, ,0.7, ,349, ,18.2, 
75,Irvine,South Coast Valleys,5/10/2023,2400,130,0.00, ,0.00, ,0, ,1.3, ,13.8, ,80, ,10.4, ,1.3, ,35, ,18.1, 
75,Irvine,South Coast Valleys,5/11/2023,0100,131,0.01, ,0.00, ,0, ,1.2, ,13.7, ,79, ,10.2, ,1.7, ,43, ,18.1, 
75,Irvine,South Coast Valleys,5/11/2023,0200,131,0.01, ,0.00, ,0, ,1.2, ,13.4, ,80, ,10.0, ,1.9, ,33, ,18.0, 
75,Irvine,South Coast Valleys,5/11/2023,0300,131,0.01, ,0.00, ,0, ,1.2, ,13.4, ,78, ,9.6, ,1.9, ,24, ,18.0, 
75,Irvine,South Coast Valleys,5/11/2023,0400,131,0.01, ,0.00, ,0, ,1.2, ,13.5, ,77, ,9.5, ,1.6, ,28, ,17.9, 
75,Irvine,South Coast Valleys,5/11/2023,0500,131,0.01, ,0.00, ,0, ,1.2, ,13.7, ,75, ,9.4, ,1.4, ,36, ,17.9, 
75,Irvine,South Coast Valleys,5/11/2023,0600,131,0.03, ,0.00, ,20, ,1.2, ,13.8, ,74, ,9.3, ,1.5, ,49, ,17.8, 
75,Irvine,South Coast Valleys,5/11/2023,0700,131,0.05, ,0.00, ,86, ,1.2, ,13.6, ,79, ,10.0, ,1.0, ,5, ,17.8, 
75,Irvine,South Coast Valleys,5/11/2023,0800,131,0.08, ,0.00, ,158, ,1.2, ,14.5, ,73, ,9.8, ,1.2, ,40, ,17.7, 
75,Irvine,South Coast Valleys,5/11/2023,0900,131,0.10, ,0.00, ,221, ,1.2, ,15.0, ,72, ,10.0, ,1.1, ,139, ,17.7, 
75,Irvine,South Coast Valleys,5/11/2023,1000,131,0.25, ,0.00, ,421, ,1.2, ,16.5, ,65, ,9.9, ,1.4, ,61, ,17.6, 
75,Irvine,South Coast Valleys,5/11/2023,1100,131,0.22, ,0.00, ,406, ,1.2, ,17.3, ,62, ,9.9, ,1.4, ,136, ,17.6, 
75,Irvine,South Coast Valleys,5/11/2023,1200,131,0.33, ,0.00, ,526, ,1.3, ,17.9, ,61, ,10.4, ,1.8, ,159, ,17.6, 
75,Irvine,South Coast Valleys,5/11/2023,1300,131,0.48, ,0.00, ,708, ,1.3, ,18.7, ,61, ,11.0, ,2.3, ,169, ,17.6, 
75,Irvine,South Coast Valleys,5/11/2023,1400,131,0.58, ,0.00, ,825, ,1.3, ,19.8, ,58, ,11.3, ,2.8, ,179, ,17.7, 
75,Irvine,South Coast Valleys,5/11/2023,1500,131,0.53, ,0.00, ,755, ,1.3, ,20.0, ,56, ,11.0, ,2.9, ,181, ,17.8, 
75,Irvine,South Coast Valleys,5/11/2023,1600,131,0.41, ,0.00, ,593, ,1.3, ,19.4, ,58, ,11.1, ,3.0, ,166, ,17.8, 
75,Irvine,South Coast Valleys,5/11/2023,1700,131,0.24, ,0.00, ,353, ,1.4, ,18.4, ,65, ,11.7, ,2.7, ,160, ,17.9, 
75,Irvine,South Coast Valleys,5/11/2023,1800,131,0.10, ,0.00, ,123, ,1.4, ,16.9, ,71, ,11.6, ,2.4, ,153, ,18.0, 
75,Irvine,South Coast Valleys,5/11/2023,1900,131,0.02, ,0.00, ,19, ,1.3, ,16.1, ,73, ,11.3, ,1.9, ,165, ,18.1, 
75,Irvine,South Coast Valleys,5/11/2023,2000,131,0.00, ,0.00, ,0, ,1.3, ,15.5, ,75, ,11.2, ,1.3, ,142, ,18.1, 
75,Irvine,South Coast Valleys,5/11/2023,2100,131,0.00, ,0.00, ,0, ,1.3, ,14.6, ,79, ,11.0, ,1.3, ,170, ,18.2, 
75,Irvine,South Coast Valleys,5/11/2023,2200,131,0.00, ,0.00, ,0, ,1.3, ,14.1, ,82, ,11.0, ,0.9, ,145, ,18.2, 
75,Irvine,South Coast Valleys,5/11/2023,2300,131,0.00, ,0.00, ,0, ,1.3, ,12.9, ,86, ,10.6, ,0.7, ,335, ,18.2, 
75,Irvine,South Coast Valleys,5/11/2023,2400,131,0.00, ,0.00, ,0, ,1.3, ,12.7, ,89, ,10.8, ,0.5, ,311, ,18.1, 
75,Irvine,South Coast Valleys,5/12/2023,0100,132,0.00, ,0.00, ,0, ,1.3, ,12.7, ,88, ,10.8, ,0.5, ,301, ,18.1, 
75,Irvine,South Coast Valleys,5/12/2023,0200,132,0.00, ,0.00, ,0, ,1.3, ,13.2, ,88, ,11.3, ,0.9, ,10, ,18.0, 
75,Irvine,South Coast Valleys,5/12/2023,0300,132,0.00, ,0.00, ,0, ,1.4, ,14.3, ,83, ,11.4, ,1.1, ,13, ,18.0, 
75,Irvine,South Coast Valleys,5/12/2023,0400,132,0.00, ,0.00, ,0, ,1.3, ,14.5, ,82, ,11.4, ,0.8, ,29, ,17.9, 
75,Irvine,South Coast Valleys,5/12/2023,0500,132,0.00, ,0.00, ,0, ,1.4, ,14.5, ,82, ,11.5, ,1.1, ,18, ,17.8, 
75,Irvine,South Coast Valleys,5/12/2023,0600,132,0.02, ,0.00, ,16, ,1.4, ,14.6, ,82, ,11.5, ,1.0, ,11, ,17.8, 
75,Irvine,South Coast Valleys,5/12/2023,0700,132,0.02, ,0.00, ,47, ,1.4, ,14.6, ,83, ,11.7, ,1.1, ,4, ,17.7, 
75,Irvine,South Coast Valleys,5/12/2023,0800,132,0.03, ,0.00, ,92, ,1.4, ,15.1, ,79, ,11.6, ,1.1, ,2, ,17.7, 
75,Irvine,South Coast Valleys,5/12/2023,0900,132,0.08, ,0.00, ,189, ,1.4, ,15.8, ,77, ,11.7, ,1.0, ,317, ,17.7, 
75,Irvine,South Coast Valleys,5/12/2023,1000,132,0.21, ,0.00, ,393, ,1.4, ,16.6, ,75, ,12.1, ,1.2, ,193, ,17.6, 
75,Irvine,South Coast Valleys,5/12/2023,1100,132,0.54, ,0.00, ,821, ,1.4, ,18.2, ,68, ,12.3, ,1.8, ,154, ,17.6, 
75,Irvine,South Coast Valleys,5/12/2023,1200,132,0.64, ,0.00, ,960, ,1.5, ,20.0, ,63, ,12.7, ,1.9, ,196, ,17.6, 
75,Irvine,South Coast Valleys,5/12/2023,1300,132,0.66, ,0.00, ,941, ,1.5, ,21.3, ,60, ,13.3, ,2.5, ,193, ,17.6, 
75,Irvine,South Coast Valleys,5/12/2023,1400,132,0.62, ,0.00, ,869, ,1.6, ,21.2, ,61, ,13.5, ,3.1, ,179, ,17.7, 
75,Irvine,South Coast Valleys,5/12/2023,1500,132,0.53, ,0.00, ,748, ,1.5, ,20.9, ,62, ,13.3, ,2.9, ,168, ,17.8, 
75,Irvine,South Coast Valleys,5/12/2023,1600,132,0.40, ,0.00, ,578, ,1.5, ,20.4, ,63, ,13.1, ,2.6, ,171, ,17.9, 
75,Irvine,South Coast Valleys,5/12/2023,1700,132,0.26, ,0.00, ,374, ,1.5, ,19.8, ,64, ,12.9, ,2.5, ,172, ,18.0, 
75,Irvine,South Coast Valleys,5/12/2023,1800,132,0.12, ,0.00, ,166, ,1.5, ,18.3, ,69, ,12.6, ,2.2, ,164, ,18.2, 
75,Irvine,South Coast Valleys,5/12/2023,1900,132,0.01, ,0.00, ,22, ,1.4, ,16.6, ,77, ,12.5, ,1.7, ,172, ,18.3, 
75,Irvine,South Coast Valleys,5/12/2023,2000,132,0.00, ,0.00, ,0, ,1.4, ,15.3, ,83, ,12.5, ,1.1, ,200, ,18.3, 
75,Irvine,South Coast Valleys,5/12/2023,2100,132,0.00, ,0.00, ,0, ,1.4, ,14.9, ,85, ,12.4, ,1.2, ,99, ,18.4, 
75,Irvine,South Coast Valleys,5/12/2023,2200,132,0.00, ,0.00, ,0, ,1.4, ,14.6, ,87, ,12.4, ,0.9, ,143, ,18.4, 
75,Irvine,South Coast Valleys,5/12/2023,2300,132,0.00, ,0.00, ,0, ,1.4, ,14.2, ,89, ,12.4, ,0.8, ,149, ,18.4, 
75,Irvine,South Coast Valleys,5/12/2023,2400,132,0.00, ,0.00, ,0, ,1.5, ,14.6, ,89, ,12.8, ,0.6, ,203, ,18.3, 
75,Irvine,South Coast Valleys,5/13/2023,0100,133,0.00, ,0.00, ,0, ,1.5, ,14.8, ,88, ,12.8, ,0.7, ,167, ,18.3, 
75,Irvine,South Coast Valleys,5/13/2023,0200,133,0.00, ,0.00, ,0, ,1.5, ,14.8, ,88, ,12.9, ,0.9, ,234, ,18.2, 
75,Irvine,South Coast Valleys,5/13/2023,0300,133,0.00, ,0.00, ,0, ,1.5, ,14.6, ,89, ,12.9, ,1.1, ,241, ,18.2, 
75,Irvine,South Coast Valleys,5/13/2023,0400,133,0.00, ,0.00, ,0, ,1.5, ,14.2, ,91, ,12.7, ,1.0, ,251, ,18.1, 
75,Irvine,South Coast Valleys,5/13/2023,0500,133,0.00, ,0.00, ,0, ,1.5, ,13.9, ,92, ,12.6, ,0.8, ,262, ,18.1, 
75,Irvine,South Coast Valleys,5/13/2023,0600,133,0.01, ,0.00, ,22, ,1.5, ,14.1, ,91, ,12.7, ,0.6, ,314, ,18.1, 
75,Irvine,South Coast Valleys,5/13/2023,0700,133,0.04, ,0.00, ,76, ,1.5, ,14.5, ,91, ,13.1, ,0.9, ,235, ,18.0, 
75,Irvine,South Coast Valleys,5/13/2023,0800,133,0.08, ,0.00, ,171, ,1.5, ,14.8, ,92, ,13.5, ,1.2, ,196, ,18.0, 
75,Irvine,South Coast Valleys,5/13/2023,0900,133,0.16, ,0.00, ,305, ,1.5, ,16.4, ,82, ,13.4, ,1.2, ,168, ,18.0, 
75,Irvine,South Coast Valleys,5/13/2023,1000,133,0.48, ,0.00, ,753, ,1.6, ,18.4, ,74, ,13.7, ,1.4, ,141, ,17.9, 
75,Irvine,South Coast Valleys,5/13/2023,1100,133,0.61, ,0.00, ,918, ,1.6, ,20.3, ,67, ,14.0, ,1.9, ,155, ,17.9, 
75,Irvine,South Coast Valleys,5/13/2023,1200,133,0.67, ,0.00, ,958, ,1.6, ,22.2, ,61, ,14.4, ,2.0, ,187, ,18.0, 
75,Irvine,South Coast Valleys,5/13/2023,1300,133,0.67, ,0.00, ,946, ,1.7, ,22.2, ,63, ,14.9, ,2.6, ,170, ,18.1, 
75,Irvine,South Coast Valleys,5/13/2023,1400,133,0.62, ,0.00, ,879, ,1.7, ,21.9, ,64, ,14.9, ,2.6, ,185, ,18.2, 
75,Irvine,South Coast Valleys,5/13/2023,1500,133,0.53, ,0.00, ,758, ,1.7, ,21.5, ,65, ,14.6, ,2.5, ,174, ,18.3, 
75,Irvine,South Coast Valleys,5/13/2023,1600,133,0.41, ,0.00, ,592, ,1.6, ,21.4, ,64, ,14.3, ,2.4, ,142, ,18.4, 
75,Irvine,South Coast Valleys,5/13/2023,1700,133,0.27, ,0.00, ,389, ,1.6, ,20.1, ,66, ,13.6, ,2.9, ,105, ,18.6, 
75,Irvine,South Coast Valleys,5/13/2023,1800,133,0.13, ,0.00, ,172, ,1.5, ,17.9, ,73, ,13.1, ,2.9, ,94, ,18.7, 
75,Irvine,South Coast Valleys,5/13/2023,1900,133,0.01, ,0.00, ,17, ,1.5, ,16.1, ,81, ,12.8, ,2.7, ,87, ,18.8, 
75,Irvine,South Coast Valleys,5/13/2023,2000,133,0.00, ,0.00, ,0, ,1.5, ,15.8, ,83, ,13.0, ,2.6, ,77, ,18.9, 
75,Irvine,South Coast Valleys,5/13/2023,2100,133,0.00, ,0.00, ,0, ,1.5, ,15.6, ,85, ,13.1, ,2.5, ,71, ,18.9, 
75,Irvine,South Coast Valleys,5/13/2023,2200,133,0.00, ,0.00, ,0, ,1.5, ,15.2, ,88, ,13.2, ,1.9, ,84, ,18.9, 
75,Irvine,South Coast Valleys,5/13/2023,2300,133,0.00, ,0.00, ,0, ,1.5, ,15.1, ,88, ,13.1, ,1.6, ,99, ,18.9, 
75,Irvine,South Coast Valleys,5/13/2023,2400,133,0.00, ,0.00, ,0, ,1.5, ,14.6, ,91, ,13.1, ,2.2, ,97, ,18.8, 
75,Irvine,South Coast Valleys,5/14/2023,0100,134,0.00, ,0.00, ,0, ,1.5, ,14.4, ,92, ,13.1, ,2.3, ,85, ,18.8, 
75,Irvine,South Coast Valleys,5/14/2023,0200,134,0.00, ,0.00, ,0, ,1.5, ,14.5, ,92, ,13.1, ,2.0, ,48, ,18.8, 
75,Irvine,South Coast Valleys,5/14/2023,0300,134,0.00, ,0.00, ,0, ,1.5, ,14.5, ,91, ,13.0, ,1.5, ,33, ,18.7, 
75,Irvine,South Coast Valleys,5/14/2023,0400,134,0.00, ,0.00, ,0, ,1.5, ,14.6, ,89, ,12.7, ,1.7, ,52, ,18.7, 
75,Irvine,South Coast Valleys,5/14/2023,0500,134,0.00, ,0.00, ,0, ,1.5, ,14.4, ,89, ,12.7, ,1.4, ,97, ,18.6, 
75,Irvine,South Coast Valleys,5/14/2023,0600,134,0.01, ,0.00, ,15, ,1.5, ,14.6, ,89, ,12.7, ,1.4, ,53, ,18.6, 
75,Irvine,South Coast Valleys,5/14/2023,0700,134,0.03, ,0.00, ,63, ,1.5, ,14.6, ,90, ,12.9, ,1.0, ,327, ,18.5, 
75,Irvine,South Coast Valleys,5/14/2023,0800,134,0.07, ,0.00, ,160, ,1.5, ,14.7, ,92, ,13.3, ,1.0, ,235, ,18.5, 
75,Irvine,South Coast Valleys,5/14/2023,0900,134,0.31, ,0.00, ,533, ,1.6, ,16.5, ,83, ,13.5, ,1.4, ,219, ,18.4, 
75,Irvine,South Coast Valleys,5/14/2023,1000,134,0.52, ,0.00, ,844, ,1.6, ,18.5, ,74, ,13.9, ,1.7, ,210, ,18.4, 
75,Irvine,South Coast Valleys,5/14/2023,1100,134,0.62, ,0.00, ,920, ,1.6, ,20.8, ,67, ,14.3, ,1.7, ,175, ,18.4, 
75,Irvine,South Coast Valleys,5/14/2023,1200,134,0.68, ,0.00, ,961, ,1.7, ,22.7, ,60, ,14.5, ,1.9, ,187, ,18.4, 
75,Irvine,South Coast Valleys,5/14/2023,1300,134,0.70, ,0.00, ,945, ,1.7, ,23.7, ,57, ,14.8, ,2.8, ,187, ,18.5, 
75,Irvine,South Coast Valleys,5/14/2023,1400,134,0.65, ,0.00, ,876, ,1.7, ,23.3, ,59, ,14.7, ,3.0, ,171, ,18.6, 
75,Irvine,South Coast Valleys,5/14/2023,1500,134,0.54, ,0.00, ,759, ,1.6, ,22.1, ,62, ,14.4, ,2.9, ,129, ,18.8, 
75,Irvine,South Coast Valleys,5/14/2023,1600,134,0.41, ,0.00, ,592, ,1.6, ,20.5, ,65, ,13.7, ,3.1, ,110, ,18.9, 
75,Irvine,South Coast Valleys,5/14/2023,1700,134,0.26, ,0.00, ,387, ,1.5, ,19.4, ,68, ,13.3, ,2.8, ,109, ,19.0, 
75,Irvine,South Coast Valleys,5/14/2023,1800,134,0.12, ,0.00, ,169, ,1.5, ,18.1, ,73, ,13.1, ,2.4, ,118, ,19.2, 
75,Irvine,South Coast Valleys,5/14/2023,1900,134,0.01, ,0.00, ,18, ,1.5, ,16.7, ,78, ,12.9, ,1.9, ,119, ,19.2, 
75,Irvine,South Coast Valleys,5/14/2023,2000,134,0.00, ,0.00, ,0, ,1.5, ,16.1, ,82, ,12.9, ,1.8, ,120, ,19.3, 
75,Irvine,South Coast Valleys,5/14/2023,2100,134,0.00, ,0.00, ,0, ,1.5, ,15.9, ,84, ,13.1, ,1.4, ,133, ,19.3, 
75,Irvine,South Coast Valleys,5/14/2023,2200,134,0.00, ,0.00, ,0, ,1.5, ,15.9, ,84, ,13.2, ,1.4, ,129, ,19.3, 
75,Irvine,South Coast Valleys,5/14/2023,2300,134,0.00, ,0.00, ,0, ,1.5, ,15.7, ,85, ,13.1, ,2.1, ,102, ,19.3, 
75,Irvine,South Coast Valleys,5/14/2023,2400,134,0.00, ,0.00, ,0, ,1.5, ,15.3, ,87, ,13.1, ,2.0, ,111, ,19.3, 
75,Irvine,South Coast Valleys,5/15/2023,0100,135,0.00, ,0.00, ,0, ,1.5, ,15.0, ,89, ,13.2, ,1.6, ,113, ,19.2, 
75,Irvine,South Coast Valleys,5/15/2023,0200,135,0.00, ,0.00, ,0, ,1.5, ,14.7, ,91, ,13.3, ,1.5, ,183, ,19.2, 
75,Irvine,South Coast Valleys,5/15/2023,0300,135,0.00, ,0.00, ,0, ,1.5, ,14.7, ,92, ,13.3, ,0.9, ,106, ,19.2, 
75,Irvine,South Coast Valleys,5/15/2023,0400,135,0.00, ,0.00, ,0, ,1.5, ,14.9, ,90, ,13.4, ,0.8, ,55, ,19.1, 
75,Irvine,South Coast Valleys,5/15/2023,0500,135,0.00, ,0.00, ,0, ,1.5, ,15.1, ,88, ,13.2, ,1.2, ,116, ,19.1, 
75,Irvine,South Coast Valleys,5/15/2023,0600,135,0.01, ,0.00, ,18, ,1.5, ,15.3, ,87, ,13.3, ,1.1, ,82, ,19.0, 
75,Irvine,South Coast Valleys,5/15/2023,0700,135,0.03, ,0.00, ,59, ,1.6, ,15.3, ,89, ,13.6, ,1.6, ,84, ,19.0, 
75,Irvine,South Coast Valleys,5/15/2023,0800,135,0.05, ,0.00, ,122, ,1.6, ,15.1, ,92, ,13.7, ,2.0, ,110, ,18.9, 
75,Irvine,South Coast Valleys,5/15/2023,0900,135,0.09, ,0.00, ,209, ,1.6, ,15.9, ,88, ,13.8, ,1.5, ,144, ,18.9, 
75,Irvine,South Coast Valleys,5/15/2023,1000,135,0.19, ,0.00, ,370, ,1.6, ,17.1, ,82, ,14.0, ,1.7, ,157, ,18.9, 
75,Irvine,South Coast Valleys,5/15/2023,1100,135,0.52, ,0.00, ,789, ,1.6, ,19.1, ,74, ,14.2, ,2.1, ,174, ,18.8, 
75,Irvine,South Coast Valleys,5/15/2023,1200,135,0.48, ,0.00, ,701, ,1.6, ,20.2, ,69, ,14.4, ,2.3, ,163, ,18.8, 
75,Irvine,South Coast Valleys,5/15/2023,1300,135,0.42, ,0.00, ,638, ,1.6, ,19.3, ,73, ,14.4, ,2.5, ,149, ,18.8, 
75,Irvine,South Coast Valleys,5/15/2023,1400,135,0.56, ,0.00, ,834, ,1.7, ,20.1, ,71, ,14.7, ,2.0, ,158, ,18.9, 
75,Irvine,South Coast Valleys,5/15/2023,1500,135,0.35, ,0.00, ,521, ,1.6, ,20.2, ,69, ,14.3, ,2.4, ,146, ,19.0, 
75,Irvine,South Coast Valleys,5/15/2023,1600,135,0.39, ,0.00, ,584, ,1.6, ,20.2, ,69, ,14.3, ,2.1, ,120, ,19.1, 
75,Irvine,South Coast Valleys,5/15/2023,1700,135,0.24, ,0.00, ,355, ,1.6, ,19.8, ,69, ,14.0, ,2.3, ,158, ,19.2, 
75,Irvine,South Coast Valleys,5/15/2023,1800,135,0.12, ,0.00, ,169, ,1.6, ,18.2, ,74, ,13.6, ,2.1, ,163, ,19.2, 
75,Irvine,South Coast Valleys,5/15/2023,1900,135,0.01, ,0.00, ,21, ,1.5, ,16.7, ,81, ,13.4, ,1.6, ,171, ,19.3, 
75,Irvine,South Coast Valleys,5/15/2023,2000,135,0.00, ,0.00, ,0, ,1.5, ,16.1, ,84, ,13.3, ,1.3, ,177, ,19.4, 
75,Irvine,South Coast Valleys,5/15/2023,2100,135,0.00, ,0.00, ,0, ,1.5, ,16.0, ,85, ,13.5, ,1.2, ,175, ,19.4, 
75,Irvine,South Coast Valleys,5/15/2023,2200,135,0.00, ,0.00, ,0, ,1.5, ,15.7, ,86, ,13.4, ,0.8, ,231, ,19.4, 
75,Irvine,South Coast Valleys,5/15/2023,2300,135,0.00, ,0.00, ,0, ,1.5, ,14.5, ,90, ,12.9, ,0.5, ,277, ,19.4, 
75,Irvine,South Coast Valleys,5/15/2023,2400,135,0.00, ,0.00, ,0, ,1.6, ,15.3, ,90, ,13.7, ,0.7, ,312, ,19.4, 
75,Irvine,South Coast Valleys,5/16/2023,0100,136,0.00, ,0.00, ,0, ,1.6, ,15.9, ,88, ,14.0, ,0.9, ,261, ,19.3, 
75,Irvine,South Coast Valleys,5/16/2023,0200,136,0.00, ,0.00, ,0, ,1.6, ,15.8, ,88, ,13.9, ,1.2, ,251, ,19.3, 
75,Irvine,South Coast Valleys,5/16/2023,0300,136,0.00, ,0.00, ,0, ,1.6, ,15.8, ,88, ,13.8, ,1.3, ,232, ,19.2, 
75,Irvine,South Coast Valleys,5/16/2023,0400,136,0.00, ,0.00, ,0, ,1.6, ,15.7, ,88, ,13.7, ,1.0, ,251, ,19.2, 
75,Irvine,South Coast Valleys,5/16/2023,0500,136,0.00, ,0.00, ,1, ,1.5, ,15.4, ,88, ,13.5, ,1.0, ,267, ,19.1, 
75,Irvine,South Coast Valleys,5/16/2023,0600,136,0.01, ,0.00, ,25, ,1.6, ,15.5, ,88, ,13.6, ,0.9, ,255, ,19.1, 
75,Irvine,South Coast Valleys,5/16/2023,0700,136,0.06, ,0.00, ,103, ,1.6, ,15.8, ,89, ,13.9, ,0.8, ,121, ,19.0, 
75,Irvine,South Coast Valleys,5/16/2023,0800,136,0.17, ,0.00, ,311, ,1.6, ,16.5, ,88, ,14.4, ,1.1, ,233, ,19.0, 
75,Irvine,South Coast Valleys,5/16/2023,0900,136,0.35, ,0.00, ,553, ,1.6, ,18.1, ,76, ,13.8, ,1.6, ,135, ,18.9, 
75,Irvine,South Coast Valleys,5/16/2023,1000,136,0.54, ,0.00, ,827, ,1.6, ,19.7, ,70, ,14.1, ,1.7, ,159, ,18.9, 
75,Irvine,South Coast Valleys,5/16/2023,1100,136,0.63, ,0.00, ,921, ,1.6, ,21.5, ,63, ,14.3, ,2.0, ,183, ,18.9, 
75,Irvine,South Coast Valleys,5/16/2023,1200,136,0.70, ,0.00, ,989, ,1.6, ,22.8, ,59, ,14.4, ,2.4, ,184, ,19.0, 
75,Irvine,South Coast Valleys,5/16/2023,1300,136,0.69, ,0.00, ,958, ,1.7, ,23.5, ,57, ,14.5, ,2.9, ,181, ,19.1, 
75,Irvine,South Coast Valleys,5/16/2023,1400,136,0.64, ,0.00, ,889, ,1.6, ,22.7, ,59, ,14.4, ,3.1, ,167, ,19.2, 
75,Irvine,South Coast Valleys,5/16/2023,1500,136,0.49, ,0.00, ,678, ,1.6, ,21.1, ,63, ,13.7, ,3.0, ,173, ,19.3, 
75,Irvine,South Coast Valleys,5/16/2023,1600,136,0.41, ,0.00, ,595, ,1.5, ,21.3, ,61, ,13.5, ,2.6, ,184, ,19.5, 
75,Irvine,South Coast Valleys,5/16/2023,1700,136,0.27, ,0.00, ,391, ,1.6, ,21.0, ,62, ,13.5, ,2.3, ,169, ,19.6, 
75,Irvine,South Coast Valleys,5/16/2023,1800,136,0.13, ,0.00, ,167, ,1.5, ,19.9, ,65, ,13.2, ,2.2, ,174, ,19.7, 
75,Irvine,South Coast Valleys,5/16/2023,1900,136,0.03, ,0.00, ,32, ,1.5, ,18.1, ,71, ,12.8, ,1.9, ,173, ,19.8, 
75,Irvine,South Coast Valleys,5/16/2023,2000,136,0.00, ,0.00, ,0, ,1.5, ,16.1, ,81, ,13.0, ,1.6, ,172, ,19.8, 
75,Irvine,South Coast Valleys,5/16/2023,2100,136,0.00, ,0.00, ,0, ,1.5, ,15.2, ,85, ,12.7, ,1.0, ,150, ,19.9, 
75,Irvine,South Coast Valleys,5/16/2023,2200,136,0.00, ,0.00, ,0, ,1.5, ,14.4, ,89, ,12.5, ,0.6, ,215, ,19.9, 
75,Irvine,South Coast Valleys,5/16/2023,2300,136,0.00, ,0.00, ,0, ,1.5, ,14.0, ,92, ,12.6, ,0.6, ,192, ,19.8, 
75,Irvine,South Coast Valleys,5/16/2023,2400,136,0.00, ,0.00, ,0, ,1.5, ,14.5, ,91, ,13.1, ,1.0, ,185, ,19.8, 
75,Irvine,South Coast Valleys,5/17/2023,0100,137,0.00, ,0.00, ,0, ,1.5, ,14.5, ,91, ,13.1, ,0.7, ,299, ,19.7, 
75,Irvine,South Coast Valleys,5/17/2023,0200,137,0.00, ,0.00, ,0, ,1.5, ,14.5, ,92, ,13.2, ,1.1, ,245, ,19.6, 
75,Irvine,South Coast Valleys,5/17/2023,0300,137,0.00, ,0.00, ,0, ,1.5, ,14.4, ,92, ,13.1, ,1.0, ,245, ,19.6, 
75,Irvine,South Coast Valleys,5/17/2023,0400,137,0.00, ,0.00, ,0, ,1.5, ,14.3, ,93, ,13.1, ,1.2, ,241, ,19.5, 
75,Irvine,South Coast Valleys,5/17/2023,0500,137,0.00, ,0.00, ,0, ,1.5, ,14.1, ,93, ,12.9, ,1.2, ,265, ,19.5, 
75,Irvine,South Coast Valleys,5/17/2023,0600,137,0.01, ,0.00, ,19, ,1.5, ,14.1, ,93, ,12.9, ,0.9, ,316, ,19.4, 
75,Irvine,South Coast Valleys,5/17/2023,0700,137,0.03, ,0.00, ,61, ,1.5, ,14.5, ,91, ,13.0, ,1.3, ,25, ,19.4, 
75,Irvine,South Coast Valleys,5/17/2023,0800,137,0.08, ,0.00, ,162, ,1.5, ,15.3, ,87, ,13.1, ,1.6, ,24, ,19.3, 
75,Irvine,South Coast Valleys,5/17/2023,0900,137,0.30, ,0.00, ,498, ,1.5, ,16.8, ,81, ,13.4, ,1.6, ,126, ,19.3, 
75,Irvine,South Coast Valleys,5/17/2023,1000,137,0.52, ,0.00, ,830, ,1.6, ,18.5, ,74, ,13.7, ,1.8, ,123, ,19.2, 
75,Irvine,South Coast Valleys,5/17/2023,1100,137,0.61, ,0.00, ,919, ,1.6, ,19.9, ,69, ,13.9, ,2.1, ,148, ,19.2, 
75,Irvine,South Coast Valleys,5/17/2023,1200,137,0.65, ,0.00, ,955, ,1.6, ,20.4, ,67, ,14.1, ,2.5, ,168, ,19.2, 
75,Irvine,South Coast Valleys,5/17/2023,1300,137,0.66, ,0.00, ,940, ,1.6, ,21.4, ,64, ,14.3, ,2.6, ,174, ,19.3, 
75,Irvine,South Coast Valleys,5/17/2023,1400,137,0.63, ,0.00, ,873, ,1.6, ,22.0, ,61, ,14.1, ,2.7, ,187, ,19.4, 
75,Irvine,South Coast Valleys,5/17/2023,1500,137,0.54, ,0.00, ,755, ,1.6, ,21.8, ,60, ,13.7, ,3.0, ,175, ,19.5, 
75,Irvine,South Coast Valleys,5/17/2023,1600,137,0.41, ,0.00, ,591, ,1.5, ,20.5, ,63, ,13.2, ,2.7, ,168, ,19.6, 
75,Irvine,South Coast Valleys,5/17/2023,1700,137,0.26, ,0.00, ,391, ,1.5, ,20.1, ,64, ,13.2, ,2.1, ,171, ,19.8, 
75,Irvine,South Coast Valleys,5/17/2023,1800,137,0.13, ,0.00, ,184, ,1.5, ,18.8, ,69, ,12.9, ,2.3, ,140, ,19.9, 
75,Irvine,South Coast Valleys,5/17/2023,1900,137,0.02, ,0.00, ,26, ,1.5, ,16.4, ,78, ,12.7, ,2.6, ,101, ,20.0, 
75,Irvine,South Coast Valleys,5/17/2023,2000,137,0.00, ,0.00, ,0, ,1.5, ,16.1, ,81, ,12.7, ,2.3, ,83, ,20.0, 
75,Irvine,South Coast Valleys,5/17/2023,2100,137,0.00, ,0.00, ,0, ,1.5, ,16.0, ,81, ,12.8, ,1.9, ,81, ,20.0, 
75,Irvine,South Coast Valleys,5/17/2023,2200,137,0.00, ,0.00, ,0, ,1.5, ,15.6, ,83, ,12.8, ,1.7, ,99, ,20.0, 
75,Irvine,South Coast Valleys,5/17/2023,2300,137,0.00, ,0.00, ,0, ,1.5, ,15.5, ,84, ,12.8, ,1.2, ,117, ,20.0, 
75,Irvine,South Coast Valleys,5/17/2023,2400,137,0.00, ,0.00, ,0, ,1.5, ,15.4, ,85, ,12.9, ,1.1, ,203, ,20.0, 
75,Irvine,South Coast Valleys,5/18/2023,0100,138,0.00, ,0.00, ,0, ,1.5, ,15.3, ,86, ,12.9, ,1.3, ,138, ,19.9, 
75,Irvine,South Coast Valleys,5/18/2023,0200,138,0.00, ,0.00, ,0, ,1.5, ,15.3, ,86, ,13.0, ,1.2, ,242, ,19.9, 
75,Irvine,South Coast Valleys,5/18/2023,0300,138,0.00, ,0.00, ,0, ,1.5, ,14.9, ,88, ,13.0, ,1.1, ,247, ,19.8, 
75,Irvine,South Coast Valleys,5/18/2023,0400,138,0.00, ,0.00, ,0, ,1.5, ,14.4, ,91, ,13.0, ,0.8, ,314, ,19.8, 
75,Irvine,South Coast Valleys,5/18/2023,0500,138,0.00, ,0.00, ,1, ,1.5, ,14.4, ,91, ,13.0, ,0.8, ,340, ,19.7, 
75,Irvine,South Coast Valleys,5/18/2023,0600,138,0.01, ,0.00, ,22, ,1.5, ,14.4, ,91, ,13.0, ,1.1, ,22, ,19.7, 
75,Irvine,South Coast Valleys,5/18/2023,0700,138,0.03, ,0.00, ,61, ,1.6, ,14.8, ,92, ,13.5, ,1.0, ,7, ,19.7, 
75,Irvine,South Coast Valleys,5/18/2023,0800,138,0.04, ,0.00, ,95, ,1.5, ,15.2, ,90, ,13.5, ,2.6, ,76, ,19.6, 
75,Irvine,South Coast Valleys,5/18/2023,0900,138,0.05, ,0.00, ,141, ,1.5, ,15.3, ,88, ,13.3, ,2.7, ,64, ,19.6, 
75,Irvine,South Coast Valleys,5/18/2023,1000,138,0.04, ,0.00, ,146, ,1.5, ,15.5, ,88, ,13.5, ,2.8, ,72, ,19.5, 
75,Irvine,South Coast Valleys,5/18/2023,1100,138,0.07, ,0.00, ,200, ,1.5, ,15.8, ,86, ,13.5, ,2.8, ,76, ,19.5, 
75,Irvine,South Coast Valleys,5/18/2023,1200,138,0.19, ,0.00, ,377, ,1.6, ,16.8, ,81, ,13.6, ,2.5, ,77, ,19.4, 
75,Irvine,South Coast Valleys,5/18/2023,1300,138,0.47, ,0.00, ,718, ,1.6, ,18.9, ,73, ,14.0, ,2.2, ,71, ,19.4, 
75,Irvine,South Coast Valleys,5/18/2023,1400,138,0.59, ,0.00, ,857, ,1.6, ,20.3, ,69, ,14.3, ,2.6, ,102, ,19.4, 
75,Irvine,South Coast Valleys,5/18/2023,1500,138,0.52, ,0.00, ,758, ,1.6, ,20.6, ,68, ,14.4, ,3.0, ,84, ,19.4, 
75,Irvine,South Coast Valleys,5/18/2023,1600,138,0.39, ,0.00, ,586, ,1.6, ,20.1, ,69, ,14.3, ,2.6, ,96, ,19.4, 
75,Irvine,South Coast Valleys,5/18/2023,1700,138,0.23, ,0.00, ,347, ,1.6, ,20.1, ,69, ,14.1, ,2.1, ,131, ,19.5, 
75,Irvine,South Coast Valleys,5/18/2023,1800,138,0.12, ,0.00, ,170, ,1.6, ,18.8, ,73, ,13.8, ,2.1, ,145, ,19.6, 
75,Irvine,South Coast Valleys,5/18/2023,1900,138,0.02, ,0.00, ,29, ,1.5, ,17.3, ,78, ,13.4, ,2.1, ,96, ,19.7, 
75,Irvine,South Coast Valleys,5/18/2023,2000,138,0.00, ,0.00, ,0, ,1.5, ,16.1, ,83, ,13.2, ,1.6, ,118, ,19.7, 
75,Irvine,South Coast Valleys,5/18/2023,2100,138,0.00, ,0.00, ,0, ,1.5, ,15.8, ,85, ,13.3, ,1.4, ,112, ,19.7, 
75,Irvine,South Coast Valleys,5/18/2023,2200,138,0.00, ,0.00, ,0, ,1.5, ,16.0, ,84, ,13.3, ,1.4, ,95, ,19.7, 
75,Irvine,South Coast Valleys,5/18/2023,2300,138,0.00, ,0.00, ,0, ,1.5, ,16.0, ,85, ,13.4, ,1.4, ,85, ,19.7, 
75,Irvine,South Coast Valleys,5/18/2023,2400,138,0.00, ,0.00, ,0, ,1.5, ,15.9, ,85, ,13.4, ,1.1, ,75, ,19.7, 
75,Irvine,South Coast Valleys,5/19/2023,0100,139,0.00, ,0.00, ,0, ,1.5, ,15.6, ,86, ,13.4, ,1.5, ,114, ,19.7, 
75,Irvine,South Coast Valleys,5/19/2023,0200,139,0.00, ,0.00, ,0, ,1.5, ,15.2, ,89, ,13.4, ,1.7, ,114, ,19.6, 
75,Irvine,South Coast Valleys,5/19/2023,0300,139,0.00, ,0.00, ,0, ,1.6, ,15.2, ,90, ,13.6, ,1.7, ,109, ,19.6, 
75,Irvine,South Coast Valleys,5/19/2023,0400,139,0.00, ,0.00, ,0, ,1.6, ,14.9, ,92, ,13.6, ,1.8, ,70, ,19.6, 
75,Irvine,South Coast Valleys,5/19/2023,0500,139,0.00, ,0.00, ,0, ,1.5, ,14.8, ,91, ,13.4, ,1.9, ,78, ,19.5, 
75,Irvine,South Coast Valleys,5/19/2023,0600,139,0.01, ,0.00, ,17, ,1.5, ,15.0, ,89, ,13.1, ,1.8, ,65, ,19.5, 
75,Irvine,South Coast Valleys,5/19/2023,0700,139,0.05, ,0.00, ,90, ,1.6, ,15.0, ,92, ,13.6, ,1.7, ,60, ,19.4, 
75,Irvine,South Coast Valleys,5/19/2023,0800,139,0.07, ,0.00, ,146, ,1.5, ,15.6, ,86, ,13.4, ,1.3, ,51, ,19.4, 
75,Irvine,South Coast Valleys,5/19/2023,0900,139,0.07, ,0.00, ,164, ,1.5, ,16.2, ,82, ,13.2, ,1.5, ,94, ,19.4, 
75,Irvine,South Coast Valleys,5/19/2023,1000,139,0.08, ,0.00, ,201, ,1.5, ,16.5, ,82, ,13.4, ,1.9, ,95, ,19.3, 
75,Irvine,South Coast Valleys,5/19/2023,1100,139,0.12, ,0.00, ,277, ,1.5, ,17.0, ,80, ,13.5, ,1.8, ,110, ,19.3, 
75,Irvine,South Coast Valleys,5/19/2023,1200,139,0.13, ,0.00, ,290, ,1.6, ,17.7, ,77, ,13.6, ,2.1, ,107, ,19.3, 
75,Irvine,South Coast Valleys,5/19/2023,1300,139,0.14, ,0.00, ,304, ,1.6, ,17.3, ,81, ,14.1, ,2.5, ,99, ,19.3, 
75,Irvine,South Coast Valleys,5/19/2023,1400,139,0.09, ,0.00, ,221, ,1.6, ,17.3, ,82, ,14.2, ,1.8, ,157, ,19.3, 
75,Irvine,South Coast Valleys,5/19/2023,1500,139,0.08, ,0.00, ,189, ,1.6, ,17.6, ,81, ,14.3, ,1.5, ,196, ,19.3, 
75,Irvine,South Coast Valleys,5/19/2023,1600,139,0.08, ,0.00, ,165, ,1.6, ,17.7, ,80, ,14.2, ,1.8, ,143, ,19.3, 
75,Irvine,South Coast Valleys,5/19/2023,1700,139,0.04, ,0.00, ,80, ,1.6, ,17.2, ,82, ,14.1, ,1.7, ,163, ,19.4, 
75,Irvine,South Coast Valleys,5/19/2023,1800,139,0.03, ,0.00, ,33, ,1.6, ,16.7, ,84, ,14.1, ,1.3, ,140, ,19.4, 
75,Irvine,South Coast Valleys,5/19/2023,1900,139,0.01, ,0.00, ,6, ,1.6, ,16.4, ,86, ,14.1, ,1.5, ,123, ,19.4, 
75,Irvine,South Coast Valleys,5/19/2023,2000,139,0.00, ,0.00, ,0, ,1.6, ,15.9, ,89, ,14.1, ,1.5, ,162, ,19.4, 
75,Irvine,South Coast Valleys,5/19/2023,2100,139,0.00, ,0.00, ,0, ,1.6, ,15.6, ,91, ,14.0, ,1.5, ,173, ,19.4, 
75,Irvine,South Coast Valleys,5/19/2023,2200,139,0.00, ,0.00, ,0, ,1.6, ,15.3, ,94, ,14.3, ,1.5, ,171, ,19.4, 
75,Irvine,South Coast Valleys,5/19/2023,2300,139,0.00, ,0.00, ,0, ,1.7, ,15.2, ,95, ,14.5, ,1.3, ,139, ,19.4, 
75,Irvine,South Coast Valleys,5/19/2023,2400,139,0.00, ,0.00, ,0, ,1.7, ,15.2, ,96, ,14.6, ,0.8, ,122, ,19.4, 
75,Irvine,South Coast Valleys,5/20/2023,0100,140,0.00, ,0.00, ,0, ,1.7, ,15.3, ,97, ,14.7, ,1.1, ,170, ,19.3, 
75,Irvine,South Coast Valleys,5/20/2023,0200,140,0.00, ,0.00, ,0, ,1.7, ,15.3, ,96, ,14.7, ,1.3, ,163, ,19.3, 
75,Irvine,South Coast Valleys,5/20/2023,0300,140,0.00, ,0.00, ,0, ,1.7, ,15.4, ,94, ,14.5, ,1.3, ,145, ,19.3, 
75,Irvine,South Coast Valleys,5/20/2023,0400,140,0.00, ,0.00, ,0, ,1.7, ,15.3, ,96, ,14.6, ,1.0, ,145, ,19.2, 
75,Irvine,South Coast Valleys,5/20/2023,0500,140,0.00, ,0.00, ,0, ,1.7, ,15.1, ,97, ,14.7, ,1.1, ,152, ,19.2, 
75,Irvine,South Coast Valleys,5/20/2023,0600,140,0.00, ,0.00, ,16, ,1.7, ,15.0, ,98, ,14.7, ,1.1, ,193, ,19.2, 
75,Irvine,South Coast Valleys,5/20/2023,0700,140,0.02, ,0.00, ,53, ,1.7, ,15.3, ,99, ,15.2, ,1.3, ,196, ,19.2, 
75,Irvine,South Coast Valleys,5/20/2023,0800,140,0.02, ,0.00, ,92, ,1.8, ,15.4, ,100, ,15.4, ,0.9, ,135, ,19.1, 
75,Irvine,South Coast Valleys,5/20/2023,0900,140,0.04, ,0.00, ,151, ,1.8, ,15.9, ,98, ,15.7, ,0.9, ,146, ,19.1, 
75,Irvine,South Coast Valleys,5/20/2023,1000,140,0.25, ,0.00, ,436, ,1.8, ,17.6, ,88, ,15.5, ,1.5, ,209, ,19.1, 
75,Irvine,South Coast Valleys,5/20/2023,1100,140,0.47, ,0.00, ,701, ,1.7, ,20.0, ,74, ,15.3, ,1.9, ,169, ,19.1, 
75,Irvine,South Coast Valleys,5/20/2023,1200,140,0.67, ,0.00, ,951, ,1.8, ,21.6, ,68, ,15.5, ,2.3, ,161, ,19.0, 
75,Irvine,South Coast Valleys,5/20/2023,1300,140,0.66, ,0.00, ,947, ,1.7, ,21.7, ,67, ,15.4, ,2.6, ,159, ,19.1, 
75,Irvine,South Coast Valleys,5/20/2023,1400,140,0.61, ,0.00, ,867, ,1.7, ,21.6, ,67, ,15.1, ,2.8, ,164, ,19.1, 
75,Irvine,South Coast Valleys,5/20/2023,1500,140,0.52, ,0.00, ,748, ,1.7, ,21.3, ,67, ,14.9, ,2.3, ,145, ,19.3, 
75,Irvine,South Coast Valleys,5/20/2023,1600,140,0.41, ,0.00, ,588, ,1.7, ,21.1, ,67, ,14.8, ,2.7, ,163, ,19.4, 
75,Irvine,South Coast Valleys,5/20/2023,1700,140,0.18, ,0.00, ,275, ,1.6, ,19.2, ,74, ,14.4, ,2.2, ,139, ,19.5, 
75,Irvine,South Coast Valleys,5/20/2023,1800,140,0.06, ,0.00, ,59, ,1.6, ,18.2, ,77, ,14.2, ,2.3, ,105, ,19.6, 
75,Irvine,South Coast Valleys,5/20/2023,1900,140,0.02, ,0.00, ,8, ,1.6, ,17.2, ,82, ,14.2, ,2.6, ,93, ,19.7, 
75,Irvine,South Coast Valleys,5/20/2023,2000,140,0.00, ,0.00, ,0, ,1.6, ,16.3, ,89, ,14.4, ,2.1, ,106, ,19.8, 
75,Irvine,South Coast Valleys,5/20/2023,2100,140,0.00, ,0.00, ,0, ,1.7, ,15.9, ,91, ,14.5, ,1.7, ,122, ,19.8, 
75,Irvine,South Coast Valleys,5/20/2023,2200,140,0.00, ,0.00, ,0, ,1.7, ,16.0, ,91, ,14.5, ,1.0, ,115, ,19.9, 
75,Irvine,South Coast Valleys,5/20/2023,2300,140,0.00, ,0.00, ,0, ,1.7, ,16.2, ,91, ,14.6, ,0.8, ,164, ,19.9, 
75,Irvine,South Coast Valleys,5/20/2023,2400,140,0.00, ,0.00, ,0, ,1.6, ,16.3, ,89, ,14.5, ,1.4, ,186, ,19.8, 
75,Irvine,South Coast Valleys,5/21/2023,0100,141,0.00, ,0.00, ,0, ,1.6, ,16.2, ,89, ,14.4, ,1.5, ,184, ,19.8, 
75,Irvine,South Coast Valleys,5/21/2023,0200,141,0.00, ,0.00, ,0, ,1.7, ,15.9, ,93, ,14.7, ,1.4, ,180, ,19.8, 
75,Irvine,South Coast Valleys,5/21/2023,0300,141,0.00, ,0.00, ,0, ,1.7, ,15.7, ,96, ,15.0, ,1.3, ,154, ,19.8, 
75,Irvine,South Coast Valleys,5/21/2023,0400,141,0.00, ,0.00, ,0, ,1.7, ,15.5, ,97, ,15.1, ,1.1, ,175, ,19.7, 
75,Irvine,South Coast Valleys,5/21/2023,0500,141,0.00, ,0.00, ,0, ,1.7, ,15.5, ,98, ,15.2, ,1.0, ,170, ,19.7, 
75,Irvine,South Coast Valleys,5/21/2023,0600,141,0.00, ,0.10, ,9, ,1.7, ,15.4, ,99, ,15.3, ,0.9, ,159, ,19.7, 
75,Irvine,South Coast Valleys,5/21/2023,0700,141,0.01, ,0.00, ,35, ,1.8, ,15.6, ,100, ,15.5, ,1.1, ,183, ,19.6, 
75,Irvine,South Coast Valleys,5/21/2023,0800,141,0.04, ,0.00, ,121, ,1.8, ,15.8, ,100, ,15.8, ,0.9, ,157, ,19.6, 
75,Irvine,South Coast Valleys,5/21/2023,0900,141,0.08, ,0.10, ,209, ,1.8, ,16.2, ,100, ,16.2, ,1.1, ,168, ,19.5, 
75,Irvine,South Coast Valleys,5/21/2023,1000,141,0.09, ,0.00, ,241, ,1.8, ,17.0, ,94, ,16.0, ,1.3, ,183, ,19.5, 
75,Irvine,South Coast Valleys,5/21/2023,1100,141,0.34, ,0.00, ,560, ,1.8, ,18.6, ,84, ,15.9, ,1.5, ,147, ,19.5, 
75,Irvine,South Coast Valleys,5/21/2023,1200,141,0.64, ,0.00, ,944, ,1.8, ,20.9, ,74, ,16.1, ,1.9, ,176, ,19.5, 
75,Irvine,South Coast Valleys,5/21/2023,1300,141,0.67, ,0.00, ,948, ,1.8, ,22.0, ,68, ,15.9, ,2.7, ,180, ,19.5, 
75,Irvine,South Coast Valleys,5/21/2023,1400,141,0.63, ,0.00, ,878, ,1.8, ,22.2, ,68, ,15.9, ,2.8, ,166, ,19.5, 
75,Irvine,South Coast Valleys,5/21/2023,1500,141,0.52, ,0.00, ,730, ,1.8, ,21.8, ,68, ,15.5, ,2.7, ,165, ,19.6, 
75,Irvine,South Coast Valleys,5/21/2023,1600,141,0.41, ,0.00, ,594, ,1.7, ,21.4, ,68, ,15.3, ,2.6, ,174, ,19.7, 
75,Irvine,South Coast Valleys,5/21/2023,1700,141,0.27, ,0.00, ,396, ,1.7, ,20.7, ,69, ,14.8, ,2.3, ,173, ,19.9, 
75,Irvine,South Coast Valleys,5/21/2023,1800,141,0.13, ,0.00, ,176, ,1.6, ,19.6, ,72, ,14.4, ,2.2, ,131, ,20.0, 
75,Irvine,South Coast Valleys,5/21/2023,1900,141,0.02, ,0.00, ,21, ,1.6, ,17.8, ,78, ,13.9, ,3.0, ,76, ,20.1, 
75,Irvine,South Coast Valleys,5/21/2023,2000,141,0.00, ,0.00, ,0, ,1.6, ,16.8, ,83, ,13.9, ,2.7, ,73, ,20.1, 
75,Irvine,South Coast Valleys,5/21/2023,2100,141,0.00, ,0.00, ,0, ,1.6, ,16.1, ,87, ,13.9, ,2.4, ,87, ,20.2, 
75,Irvine,South Coast Valleys,5/21/2023,2200,141,0.00, ,0.00, ,0, ,1.6, ,15.5, ,91, ,14.0, ,2.4, ,88, ,20.2, 
75,Irvine,South Coast Valleys,5/21/2023,2300,141,0.00, ,0.00, ,0, ,1.6, ,15.6, ,89, ,13.8, ,2.4, ,83, ,20.2, 
75,Irvine,South Coast Valleys,5/21/2023,2400,141,0.00, ,0.00, ,0, ,1.6, ,15.5, ,89, ,13.8, ,2.0, ,72, ,20.2, 
75,Irvine,South Coast Valleys,5/22/2023,0100,142,0.00, ,0.00, ,0, ,1.5, ,15.5, ,88, ,13.5, ,1.5, ,80, ,20.1, 
75,Irvine,South Coast Valleys,5/22/2023,0200,142,0.00, ,0.00, ,0, ,1.5, ,15.4, ,89, ,13.5, ,1.1, ,114, ,20.1, 
75,Irvine,South Coast Valleys,5/22/2023,0300,142,0.00, ,0.00, ,0, ,1.6, ,15.3, ,89, ,13.5, ,0.9, ,153, ,20.1, 
75,Irvine,South Coast Valleys,5/22/2023,0400,142,0.00, ,0.00, ,0, ,1.6, ,15.4, ,89, ,13.6, ,1.0, ,143, ,20.0, 
75,Irvine,South Coast Valleys,5/22/2023,0500,142,0.00, ,0.00, ,0, ,1.6, ,15.4, ,89, ,13.7, ,0.8, ,214, ,20.0, 
75,Irvine,South Coast Valleys,5/22/2023,0600,142,0.01, ,0.00, ,19, ,1.6, ,15.5, ,89, ,13.7, ,0.9, ,245, ,19.9, 
75,Irvine,South Coast Valleys,5/22/2023,0700,142,0.02, ,0.00, ,50, ,1.6, ,15.5, ,91, ,14.0, ,0.8, ,221, ,19.9, 
75,Irvine,South Coast Valleys,5/22/2023,0800,142,0.03, ,0.00, ,101, ,1.6, ,15.8, ,91, ,14.3, ,1.1, ,162, ,19.8, 
75,Irvine,South Coast Valleys,5/22/2023,0900,142,0.05, ,0.00, ,152, ,1.6, ,16.4, ,88, ,14.3, ,1.1, ,160, ,19.8, 
75,Irvine,South Coast Valleys,5/22/2023,1000,142,0.13, ,0.00, ,290, ,1.7, ,17.2, ,84, ,14.5, ,1.4, ,187, ,19.8, 
75,Irvine,South Coast Valleys,5/22/2023,1100,142,0.20, ,0.00, ,382, ,1.7, ,18.2, ,79, ,14.6, ,1.8, ,177, ,19.7, 
75,Irvine,South Coast Valleys,5/22/2023,1200,142,0.37, ,0.00, ,578, ,1.7, ,19.3, ,75, ,14.8, ,1.9, ,180, ,19.7, 
75,Irvine,South Coast Valleys,5/22/2023,1300,142,0.60, ,0.00, ,875, ,1.7, ,20.4, ,73, ,15.4, ,2.4, ,158, ,19.7, 
75,Irvine,South Coast Valleys,5/22/2023,1400,142,0.59, ,0.00, ,859, ,1.8, ,20.8, ,71, ,15.4, ,2.5, ,168, ,19.8, 
75,Irvine,South Coast Valleys,5/22/2023,1500,142,0.51, ,0.00, ,750, ,1.7, ,20.7, ,70, ,15.2, ,2.6, ,175, ,19.8, 
75,Irvine,South Coast Valleys,5/22/2023,1600,142,0.38, ,0.00, ,558, ,1.7, ,20.4, ,71, ,14.9, ,2.4, ,162, ,19.9, 
75,Irvine,South Coast Valleys,5/22/2023,1700,142,0.20, ,0.00, ,301, ,1.6, ,19.2, ,74, ,14.4, ,2.5, ,147, ,20.0, 
75,Irvine,South Coast Valleys,5/22/2023,1800,142,0.06, ,0.00, ,67, ,1.6, ,17.6, ,79, ,14.0, ,2.0, ,117, ,20.1, 
75,Irvine,South Coast Valleys,5/22/2023,1900,142,0.02, ,0.00, ,14, ,1.6, ,17.2, ,81, ,13.9, ,1.5, ,108, ,20.2, 
75,Irvine,South Coast Valleys,5/22/2023,2000,142,0.01, ,0.00, ,0, ,1.6, ,17.0, ,82, ,13.9, ,1.8, ,105, ,20.2, 
75,Irvine,South Coast Valleys,5/22/2023,2100,142,0.01, ,0.00, ,0, ,1.6, ,16.6, ,84, ,13.9, ,2.0, ,98, ,20.3, 
75,Irvine,South Coast Valleys,5/22/2023,2200,142,0.00, ,0.00, ,0, ,1.6, ,15.9, ,89, ,14.2, ,2.5, ,84, ,20.3, 
75,Irvine,South Coast Valleys,5/22/2023,2300,142,0.00, ,0.00, ,0, ,1.6, ,15.2, ,94, ,14.2, ,2.6, ,88, ,20.3, 
75,Irvine,South Coast Valleys,5/22/2023,2400,142,0.00, ,0.00, ,0, ,1.6, ,15.1, ,95, ,14.4, ,2.3, ,92, ,20.2, 
75,Irvine,South Coast Valleys,5/23/2023,0100,143,0.00, ,0.00, ,0, ,1.6, ,15.2, ,96, ,14.5, ,2.1, ,59, ,20.2, 
75,Irvine,South Coast Valleys,5/23/2023,0200,143,0.00, ,0.00, ,0, ,1.6, ,15.3, ,94, ,14.3, ,2.0, ,70, ,20.2, 
75,Irvine,South Coast Valleys,5/23/2023,0300,143,0.00, ,0.00, ,0, ,1.6, ,15.4, ,93, ,14.3, ,1.8, ,46, ,20.1, 
75,Irvine,South Coast Valleys,5/23/2023,0400,143,0.00, ,0.00, ,0, ,1.6, ,15.2, ,95, ,14.4, ,1.7, ,82, ,20.1, 
75,Irvine,South Coast Valleys,5/23/2023,0500,143,0.00, ,0.10, ,0, ,1.6, ,14.9, ,96, ,14.2, ,1.6, ,105, ,20.0, 
75,Irvine,South Coast Valleys,5/23/2023,0600,143,0.00, ,0.00, ,17, ,1.6, ,15.0, ,96, ,14.4, ,1.4, ,116, ,20.0, 
75,Irvine,South Coast Valleys,5/23/2023,0700,143,0.02, ,0.00, ,53, ,1.7, ,15.0, ,97, ,14.6, ,1.3, ,138, ,20.0, 
75,Irvine,South Coast Valleys,5/23/2023,0800,143,0.03, ,0.00, ,101, ,1.7, ,15.0, ,99, ,14.8, ,0.9, ,120, ,19.9, 
75,Irvine,South Coast Valleys,5/23/2023,0900,143,0.08, ,0.00, ,192, ,1.7, ,15.7, ,93, ,14.5, ,1.5, ,88, ,19.9, 
75,Irvine,South Coast Valleys,5/23/2023,1000,143,0.09, ,0.00, ,227, ,1.6, ,16.9, ,82, ,13.8, ,1.3, ,114, ,19.8, 
75,Irvine,South Coast Valleys,5/23/2023,1100,143,0.07, ,0.00, ,204, ,1.6, ,17.3, ,80, ,13.8, ,1.7, ,103, ,19.8, 
75,Irvine,South Coast Valleys,5/23/2023,1200,143,0.07, ,0.00, ,210, ,1.6, ,17.1, ,83, ,14.1, ,2.3, ,98, ,19.8, 
75,Irvine,South Coast Valleys,5/23/2023,1300,143,0.04, ,0.00, ,161, ,1.6, ,16.9, ,83, ,14.0, ,2.2, ,94, ,19.8, 
75,Irvine,South Coast Valleys,5/23/2023,1400,143,0.02, ,0.00, ,139, ,1.6, ,16.3, ,86, ,14.0, ,2.1, ,104, ,19.8, 
75,Irvine,South Coast Valleys,5/23/2023,1500,143,0.05, ,0.00, ,153, ,1.6, ,16.4, ,85, ,14.0, ,2.0, ,101, ,19.8, 
75,Irvine,South Coast Valleys,5/23/2023,1600,143,0.05, ,0.00, ,134, ,1.6, ,16.6, ,84, ,13.9, ,1.8, ,107, ,19.8, 
75,Irvine,South Coast Valleys,5/23/2023,1700,143,0.03, ,0.00, ,70, ,1.6, ,16.7, ,83, ,13.8, ,1.7, ,105, ,19.8, 
75,Irvine,South Coast Valleys,5/23/2023,1800,143,0.03, ,0.00, ,35, ,1.6, ,15.6, ,89, ,13.8, ,2.2, ,96, ,19.8, 
75,Irvine,South Coast Valleys,5/23/2023,1900,143,0.01, ,0.00, ,9, ,1.6, ,15.1, ,90, ,13.5, ,2.2, ,77, ,19.8, 
75,Irvine,South Coast Valleys,5/23/2023,2000,143,0.00, ,0.00, ,0, ,1.6, ,14.6, ,93, ,13.5, ,1.5, ,98, ,19.8, 
75,Irvine,South Coast Valleys,5/23/2023,2100,143,0.00, ,0.10, ,0, ,1.6, ,14.3, ,96, ,13.7, ,1.0, ,150, ,19.7, 
75,Irvine,South Coast Valleys,5/23/2023,2200,143,0.00, ,0.10, ,0, ,1.6, ,14.2, ,97, ,13.8, ,1.0, ,161, ,19.7, 
75,Irvine,South Coast Valleys,5/23/2023,2300,143,0.00, ,0.10, ,0, ,1.6, ,14.1, ,98, ,13.8, ,1.1, ,129, ,19.7, 
75,Irvine,South Coast Valleys,5/23/2023,2400,143,0.00, ,0.10,R,0, ,1.6, ,14.1, ,99, ,13.8, ,1.2, ,104, ,19.7, 
75,Irvine,South Coast Valleys,5/24/2023,0100,144,0.00, ,0.10,R,0, ,1.6, ,14.1, ,99, ,13.9, ,1.0, ,141, ,19.6, 
75,Irvine,South Coast Valleys,5/24/2023,0200,144,0.00, ,0.30, ,0, ,1.6, ,14.0, ,99, ,13.9, ,1.2, ,134, ,19.6, 
75,Irvine,South Coast Valleys,5/24/2023,0300,144,0.00, ,0.10, ,0, ,1.6, ,13.8, ,100, ,13.8, ,1.7, ,99, ,19.6, 
75,Irvine,South Coast Valleys,5/24/2023,0400,144,0.00, ,0.20, ,0, ,1.6, ,13.8, ,100, ,13.8, ,1.2, ,111, ,19.5, 
75,Irvine,South Coast Valleys,5/24/2023,0500,144,0.00, ,0.40, ,0, ,1.6, ,13.7, ,100, ,13.7, ,1.1, ,114, ,19.5, 
75,Irvine,South Coast Valleys,5/24/2023,0600,144,0.00, ,0.30, ,12, ,1.6, ,13.8, ,100, ,13.8, ,1.3, ,118, ,19.4, 
75,Irvine,South Coast Valleys,5/24/2023,0700,144,0.01, ,0.30, ,36, ,1.6, ,13.8, ,100, ,13.8, ,1.6, ,110, ,19.4, 
75,Irvine,South Coast Valleys,5/24/2023,0800,144,0.00, ,0.30, ,62, ,1.6, ,13.9, ,100, ,13.9, ,1.5, ,108, ,19.4, 
75,Irvine,South Coast Valleys,5/24/2023,0900,144,0.05, ,0.20, ,161, ,1.6, ,14.1, ,100, ,14.1, ,1.9, ,109, ,19.3, 
75,Irvine,South Coast Valleys,5/24/2023,1000,144,0.01, ,0.00, ,131, ,1.6, ,14.2, ,99, ,14.0, ,2.0, ,104, ,19.3, 
75,Irvine,South Coast Valleys,5/24/2023,1100,144,0.16, ,0.00, ,343, ,1.5, ,15.4, ,88, ,13.5, ,2.4, ,68, ,19.2, 
75,Irvine,South Coast Valleys,5/24/2023,1200,144,0.36, ,0.00, ,591, ,1.5, ,16.9, ,80, ,13.4, ,2.2, ,57, ,19.2, 
75,Irvine,South Coast Valleys,5/24/2023,1300,144,0.09, ,0.00, ,232, ,1.4, ,16.6, ,76, ,12.4, ,2.1, ,107, ,19.2, 
75,Irvine,South Coast Valleys,5/24/2023,1400,144,0.13, ,0.00, ,276, ,1.4, ,17.0, ,72, ,11.9, ,1.6, ,100, ,19.2, 
75,Irvine,South Coast Valleys,5/24/2023,1500,144,0.15, ,0.00, ,285, ,1.4, ,17.5, ,68, ,11.4, ,1.8, ,96, ,19.2, 
75,Irvine,South Coast Valleys,5/24/2023,1600,144,0.13, ,0.00, ,212, ,1.3, ,17.4, ,66, ,11.1, ,2.3, ,106, ,19.2, 
75,Irvine,South Coast Valleys,5/24/2023,1700,144,0.10, ,0.00, ,138, ,1.3, ,16.7, ,68, ,10.8, ,2.5, ,118, ,19.3, 
75,Irvine,South Coast Valleys,5/24/2023,1800,144,0.05, ,0.00, ,46, ,1.3, ,16.0, ,72, ,11.0, ,2.2, ,119, ,19.3, 
75,Irvine,South Coast Valleys,5/24/2023,1900,144,0.02, ,0.00, ,8, ,1.3, ,15.5, ,75, ,11.1, ,1.9, ,119, ,19.3, 
75,Irvine,South Coast Valleys,5/24/2023,2000,144,0.02, ,0.00, ,0, ,1.3, ,15.3, ,77, ,11.3, ,2.0, ,98, ,19.3, 
75,Irvine,South Coast Valleys,5/24/2023,2100,144,0.02, ,0.00, ,0, ,1.3, ,15.3, ,77, ,11.2, ,2.0, ,67, ,19.3, 
75,Irvine,South Coast Valleys,5/24/2023,2200,144,0.01, ,0.00, ,0, ,1.3, ,15.2, ,78, ,11.3, ,1.4, ,37, ,19.3, 
75,Irvine,South Coast Valleys,5/24/2023,2300,144,0.02, ,0.00, ,0, ,1.3, ,15.0, ,76, ,10.8, ,2.0, ,52, ,19.3, 
75,Irvine,South Coast Valleys,5/24/2023,2400,144,0.01, ,0.00, ,0, ,1.3, ,14.8, ,77, ,10.8, ,1.4, ,19, ,19.2, 
75,Irvine,South Coast Valleys,5/25/2023,0100,145,0.01, ,0.00, ,0, ,1.3, ,14.6, ,78, ,10.8, ,1.3, ,12, ,19.2, 
75,Irvine,South Coast Valleys,5/25/2023,0200,145,0.01, ,0.00, ,0, ,1.3, ,14.5, ,77, ,10.6, ,1.4, ,22, ,19.2, 
75,Irvine,South Coast Valleys,5/25/2023,0300,145,0.01, ,0.00, ,0, ,1.3, ,14.4, ,78, ,10.6, ,1.4, ,17, ,19.2, 
75,Irvine,South Coast Valleys,5/25/2023,0400,145,0.01, ,0.00, ,0, ,1.3, ,14.2, ,78, ,10.4, ,1.4, ,16, ,19.1, 
75,Irvine,South Coast Valleys,5/25/2023,0500,145,0.02, ,0.00, ,1, ,1.2, ,14.4, ,76, ,10.1, ,1.8, ,27, ,19.1, 
75,Irvine,South Coast Valleys,5/25/2023,0600,145,0.03, ,0.00, ,34, ,1.2, ,14.7, ,75, ,10.2, ,1.7, ,35, ,19.0, 
75,Irvine,South Coast Valleys,5/25/2023,0700,145,0.05, ,0.00, ,81, ,1.3, ,14.6, ,79, ,11.0, ,1.7, ,65, ,19.0, 
75,Irvine,South Coast Valleys,5/25/2023,0800,145,0.09, ,0.00, ,176, ,1.3, ,15.3, ,78, ,11.4, ,1.6, ,98, ,19.0, 
75,Irvine,South Coast Valleys,5/25/2023,0900,145,0.20, ,0.00, ,346, ,1.3, ,16.6, ,67, ,10.3, ,2.0, ,87, ,18.9, 
75,Irvine,South Coast Valleys,5/25/2023,1000,145,0.23, ,0.00, ,397, ,1.2, ,17.2, ,60, ,9.5, ,2.0, ,84, ,18.9, 
75,Irvine,South Coast Valleys,5/25/2023,1100,145,0.25, ,0.00, ,425, ,1.2, ,17.8, ,59, ,9.8, ,1.9, ,76, ,18.9, 
75,Irvine,South Coast Valleys,5/25/2023,1200,145,0.25, ,0.00, ,440, ,1.3, ,18.2, ,61, ,10.6, ,2.0, ,125, ,18.9, 
75,Irvine,South Coast Valleys,5/25/2023,1300,145,0.23, ,0.00, ,407, ,1.3, ,17.9, ,65, ,11.4, ,2.7, ,173, ,18.9, 
75,Irvine,South Coast Valleys,5/25/2023,1400,145,0.12, ,0.00, ,244, ,1.4, ,17.3, ,68, ,11.4, ,2.5, ,150, ,18.9, 
75,Irvine,South Coast Valleys,5/25/2023,1500,145,0.05, ,0.00, ,135, ,1.3, ,16.7, ,69, ,11.0, ,2.3, ,159, ,18.9, 
75,Irvine,South Coast Valleys,5/25/2023,1600,145,0.04, ,0.00, ,91, ,1.3, ,16.3, ,71, ,10.9, ,2.1, ,136, ,19.0, 
75,Irvine,South Coast Valleys,5/25/2023,1700,145,0.04, ,0.00, ,63, ,1.3, ,16.0, ,72, ,10.9, ,2.0, ,127, ,19.0, 
75,Irvine,South Coast Valleys,5/25/2023,1800,145,0.04, ,0.00, ,32, ,1.3, ,15.7, ,73, ,10.9, ,1.6, ,132, ,19.0, 
75,Irvine,South Coast Valleys,5/25/2023,1900,145,0.03, ,0.00, ,15, ,1.3, ,15.5, ,74, ,10.8, ,1.5, ,177, ,19.0, 
75,Irvine,South Coast Valleys,5/25/2023,2000,145,0.01, ,0.00, ,0, ,1.3, ,15.2, ,75, ,10.8, ,1.4, ,165, ,19.0, 
75,Irvine,South Coast Valleys,5/25/2023,2100,145,0.01, ,0.00, ,0, ,1.3, ,15.2, ,75, ,10.8, ,1.2, ,156, ,19.0, 
75,Irvine,South Coast Valleys,5/25/2023,2200,145,0.01, ,0.00, ,0, ,1.3, ,15.2, ,74, ,10.6, ,1.1, ,117, ,19.0, 
75,Irvine,South Coast Valleys,5/25/2023,2300,145,0.01, ,0.00, ,0, ,1.3, ,15.2, ,74, ,10.7, ,1.2, ,113, ,19.0, 
75,Irvine,South Coast Valleys,5/25/2023,2400,145,0.01, ,0.00, ,0, ,1.3, ,15.0, ,78, ,11.1, ,1.6, ,85, ,18.9, 
75,Irvine,South Coast Valleys,5/26/2023,0100,146,0.01, ,0.00, ,0, ,1.4, ,14.7, ,81, ,11.6, ,1.5, ,39, ,18.9, 
75,Irvine,South Coast Valleys,5/26/2023,0200,146,0.01, ,0.00, ,0, ,1.4, ,14.6, ,81, ,11.5, ,1.5, ,104, ,18.9, 
75,Irvine,South Coast Valleys,5/26/2023,0300,146,0.01, ,0.00, ,0, ,1.3, ,14.4, ,80, ,11.1, ,1.4, ,137, ,18.8, 
75,Irvine,South Coast Valleys,5/26/2023,0400,146,0.01, ,0.00, ,0, ,1.2, ,14.2, ,76, ,10.1, ,0.8, ,151, ,18.8, 
75,Irvine,South Coast Valleys,5/26/2023,0500,146,0.01, ,0.00, ,1, ,1.2, ,14.2, ,76, ,10.0, ,0.7, ,79, ,18.8, 
75,Irvine,South Coast Valleys,5/26/2023,0600,146,0.01, ,0.00, ,24, ,1.3, ,14.2, ,78, ,10.4, ,0.6, ,236, ,18.8, 
75,Irvine,South Coast Valleys,5/26/2023,0700,146,0.05, ,0.00, ,92, ,1.3, ,14.0, ,82, ,11.0, ,0.7, ,215, ,18.7, 
75,Irvine,South Coast Valleys,5/26/2023,0800,146,0.10, ,0.00, ,198, ,1.3, ,14.4, ,79, ,10.9, ,1.1, ,172, ,18.7, 
75,Irvine,South Coast Valleys,5/26/2023,0900,146,0.15, ,0.00, ,284, ,1.2, ,15.7, ,69, ,10.0, ,1.3, ,229, ,18.6, 
75,Irvine,South Coast Valleys,5/26/2023,1000,146,0.18, ,0.00, ,336, ,1.2, ,16.6, ,62, ,9.4, ,1.4, ,181, ,18.6, 
75,Irvine,South Coast Valleys,5/26/2023,1100,146,0.35, ,0.00, ,559, ,1.2, ,17.8, ,59, ,9.6, ,1.6, ,151, ,18.6, 
75,Irvine,South Coast Valleys,5/26/2023,1200,146,0.51, ,0.00, ,760, ,1.3, ,18.8, ,58, ,10.3, ,2.1, ,196, ,18.6, 
75,Irvine,South Coast Valleys,5/26/2023,1300,146,0.22, ,0.00, ,380, ,1.2, ,19.1, ,56, ,10.1, ,2.0, ,186, ,18.6, 
75,Irvine,South Coast Valleys,5/26/2023,1400,146,0.36, ,0.00, ,513, ,1.3, ,18.7, ,60, ,10.7, ,3.3, ,167, ,18.7, 
75,Irvine,South Coast Valleys,5/26/2023,1500,146,0.14, ,0.00, ,229, ,1.3, ,17.8, ,62, ,10.5, ,2.8, ,151, ,18.7, 
75,Irvine,South Coast Valleys,5/26/2023,1600,146,0.07, ,0.00, ,129, ,1.3, ,17.0, ,67, ,10.9, ,2.4, ,157, ,18.8, 
75,Irvine,South Coast Valleys,5/26/2023,1700,146,0.07, ,0.00, ,95, ,1.3, ,16.8, ,69, ,11.0, ,2.3, ,155, ,18.8, 
75,Irvine,South Coast Valleys,5/26/2023,1800,146,0.05, ,0.00, ,39, ,1.3, ,16.5, ,68, ,10.6, ,1.9, ,178, ,18.9, 
75,Irvine,South Coast Valleys,5/26/2023,1900,146,0.03, ,0.00, ,12, ,1.3, ,16.2, ,69, ,10.6, ,1.7, ,219, ,18.9, 
75,Irvine,South Coast Valleys,5/26/2023,2000,146,0.01, ,0.00, ,0, ,1.3, ,14.7, ,76, ,10.5, ,0.7, ,284, ,18.9, 
75,Irvine,South Coast Valleys,5/26/2023,2100,146,0.00, ,0.00, ,0, ,1.3, ,13.4, ,82, ,10.4, ,0.7, ,5, ,18.9, 
75,Irvine,South Coast Valleys,5/26/2023,2200,146,0.00, ,0.00, ,0, ,1.2, ,12.3, ,87, ,10.1, ,0.8, ,343, ,18.9, 
75,Irvine,South Coast Valleys,5/26/2023,2300,146,0.00, ,0.00, ,0, ,1.3, ,12.7, ,87, ,10.5, ,0.8, ,343, ,18.9, 
75,Irvine,South Coast Valleys,5/26/2023,2400,146,0.00, ,0.00, ,0, ,1.3, ,13.6, ,85, ,11.0, ,0.6, ,317, ,18.8, 
75,Irvine,South Coast Valleys,5/27/2023,0100,147,0.00, ,0.00, ,0, ,1.3, ,13.9, ,85, ,11.4, ,0.5, ,327, ,18.8, 
75,Irvine,South Coast Valleys,5/27/2023,0200,147,0.00, ,0.00, ,0, ,1.4, ,14.3, ,83, ,11.4, ,0.5, ,246, ,18.7, 
75,Irvine,South Coast Valleys,5/27/2023,0300,147,0.00,R,0.00, ,0, ,1.3, ,14.2, ,83, ,11.4, ,0.4,I,304, ,18.7, 
75,Irvine,South Coast Valleys,5/27/2023,0400,147,0.00, ,0.00, ,0, ,1.4, ,14.1, ,84, ,11.4, ,0.4, ,286, ,18.6, 
75,Irvine,South Coast Valleys,5/27/2023,0500,147,0.00, ,0.00, ,2, ,1.3, ,14.0, ,84, ,11.4, ,0.5, ,279, ,18.6, 
75,Irvine,South Coast Valleys,5/27/2023,0600,147,0.01, ,0.00, ,40, ,1.4, ,14.5, ,83, ,11.5, ,0.7, ,229, ,18.5, 
75,Irvine,South Coast Valleys,5/27/2023,0700,147,0.08, ,0.00, ,144, ,1.4, ,14.7, ,84, ,12.0, ,1.2, ,236, ,18.5, 
75,Irvine,South Coast Valleys,5/27/2023,0800,147,0.17, ,0.00, ,288, ,1.4, ,15.7, ,77, ,11.6, ,1.5, ,218, ,18.5, 
75,Irvine,South Coast Valleys,5/27/2023,0900,147,0.27, ,0.00, ,438, ,1.3, ,17.1, ,69, ,11.4, ,1.9, ,196, ,18.4, 
75,Irvine,South Coast Valleys,5/27/2023,1000,147,0.24, ,0.00, ,415, ,1.3, ,18.1, ,64, ,11.1, ,1.5, ,160, ,18.4, 
75,Irvine,South Coast Valleys,5/27/2023,1100,147,0.27, ,0.00, ,457, ,1.3, ,18.9, ,61, ,11.3, ,1.9, ,204, ,18.4, 
75,Irvine,South Coast Valleys,5/27/2023,1200,147,0.26, ,0.00, ,436, ,1.4, ,19.1, ,63, ,11.9, ,2.6, ,179, ,18.4, 
75,Irvine,South Coast Valleys,5/27/2023,1300,147,0.34, ,0.00, ,515, ,1.4, ,19.3, ,64, ,12.2, ,2.7, ,174, ,18.5, 
75,Irvine,South Coast Valleys,5/27/2023,1400,147,0.23, ,0.00, ,389, ,1.4, ,19.1, ,64, ,12.2, ,2.5, ,172, ,18.5, 
75,Irvine,South Coast Valleys,5/27/2023,1500,147,0.18, ,0.00, ,290, ,1.4, ,18.6, ,66, ,12.1, ,2.6, ,157, ,18.6, 
75,Irvine,South Coast Valleys,5/27/2023,1600,147,0.12, ,0.00, ,192, ,1.4, ,18.0, ,68, ,12.0, ,2.4, ,143, ,18.6, 
75,Irvine,South Coast Valleys,5/27/2023,1700,147,0.08, ,0.00, ,118, ,1.4, ,17.3, ,70, ,11.9, ,2.2, ,147, ,18.7, 
75,Irvine,South Coast Valleys,5/27/2023,1800,147,0.07, ,0.00, ,69, ,1.4, ,17.0, ,72, ,11.9, ,1.7, ,150, ,18.7, 
75,Irvine,South Coast Valleys,5/27/2023,1900,147,0.02, ,0.00, ,31, ,1.4, ,16.7, ,73, ,11.7, ,1.4, ,158, ,18.7, 
75,Irvine,South Coast Valleys,5/27/2023,2000,147,0.01, ,0.00, ,0, ,1.4, ,15.5, ,79, ,11.9, ,1.2, ,151, ,18.8, 
75,Irvine,South Coast Valleys,5/27/2023,2100,147,0.00, ,0.00, ,0, ,1.4, ,14.6, ,84, ,11.9, ,0.8, ,150, ,18.8, 
75,Irvine,South Coast Valleys,5/27/2023,2200,147,0.00, ,0.00, ,0, ,1.4, ,13.4, ,89, ,11.6, ,0.7, ,328, ,18.8, 
75,Irvine,South Coast Valleys,5/27/2023,2300,147,0.00, ,0.00, ,0, ,1.4, ,14.3, ,88, ,12.3, ,0.5, ,302, ,18.8, 
75,Irvine,South Coast Valleys,5/27/2023,2400,147,0.00, ,0.00, ,0, ,1.4, ,14.9, ,85, ,12.4, ,0.5, ,23, ,18.7, 
75,Irvine,South Coast Valleys,5/28/2023,0100,148,0.00, ,0.00, ,0, ,1.4, ,15.0, ,84, ,12.3, ,0.5, ,259, ,18.7, 
75,Irvine,South Coast Valleys,5/28/2023,0200,148,0.00, ,0.00, ,0, ,1.4, ,15.1, ,83, ,12.1, ,0.6, ,167, ,18.6, 
75,Irvine,South Coast Valleys,5/28/2023,0300,148,0.00, ,0.00, ,0, ,1.4, ,15.3, ,82, ,12.2, ,0.7, ,128, ,18.6, 
75,Irvine,South Coast Valleys,5/28/2023,0400,148,0.00, ,0.00, ,0, ,1.4, ,15.3, ,82, ,12.3, ,0.6, ,166, ,18.6, 
75,Irvine,South Coast Valleys,5/28/2023,0500,148,0.00, ,0.00, ,0, ,1.5, ,15.2, ,84, ,12.6, ,0.5, ,154, ,18.6, 
75,Irvine,South Coast Valleys,5/28/2023,0600,148,0.01, ,0.00, ,16, ,1.5, ,15.0, ,87, ,12.9, ,0.8, ,13, ,18.5, 
75,Irvine,South Coast Valleys,5/28/2023,0700,148,0.01, ,0.00, ,41, ,1.5, ,15.0, ,90, ,13.4, ,0.5, ,6, ,18.5, 
75,Irvine,South Coast Valleys,5/28/2023,0800,148,0.02, ,0.00, ,82, ,1.6, ,14.6, ,94, ,13.7, ,1.0, ,122, ,18.5, 
75,Irvine,South Coast Valleys,5/28/2023,0900,148,0.03, ,0.00, ,115, ,1.5, ,15.8, ,81, ,12.5, ,1.4, ,115, ,18.5, 
75,Irvine,South Coast Valleys,5/28/2023,1000,148,0.09, ,0.00, ,208, ,1.4, ,16.9, ,72, ,11.9, ,1.7, ,75, ,18.4, 
75,Irvine,South Coast Valleys,5/28/2023,1100,148,0.18, ,0.00, ,355, ,1.5, ,17.5, ,73, ,12.6, ,2.0, ,107, ,18.4, 
75,Irvine,South Coast Valleys,5/28/2023,1200,148,0.12, ,0.00, ,274, ,1.5, ,17.9, ,71, ,12.7, ,1.7, ,102, ,18.4, 
75,Irvine,South Coast Valleys,5/28/2023,1300,148,0.08, ,0.00, ,204, ,1.5, ,17.9, ,72, ,12.9, ,1.9, ,103, ,18.4, 
75,Irvine,South Coast Valleys,5/28/2023,1400,148,0.07, ,0.00, ,191, ,1.5, ,17.8, ,74, ,13.1, ,1.9, ,161, ,18.4, 
75,Irvine,South Coast Valleys,5/28/2023,1500,148,0.08, ,0.00, ,180, ,1.5, ,18.0, ,73, ,13.1, ,1.8, ,159, ,18.5, 
75,Irvine,South Coast Valleys,5/28/2023,1600,148,0.05, ,0.00, ,119, ,1.5, ,17.8, ,73, ,12.9, ,1.9, ,164, ,18.5, 
75,Irvine,South Coast Valleys,5/28/2023,1700,148,0.03, ,0.00, ,65, ,1.5, ,17.2, ,76, ,13.0, ,1.7, ,146, ,18.5, 
75,Irvine,South Coast Valleys,5/28/2023,1800,148,0.03, ,0.00, ,33, ,1.5, ,16.8, ,79, ,13.1, ,1.3, ,163, ,18.5, 
75,Irvine,South Coast Valleys,5/28/2023,1900,148,0.01, ,0.00, ,8, ,1.5, ,16.6, ,80, ,13.1, ,1.3, ,176, ,18.6, 
75,Irvine,South Coast Valleys,5/28/2023,2000,148,0.01, ,0.00, ,0, ,1.5, ,16.3, ,81, ,13.1, ,1.4, ,159, ,18.6, 
75,Irvine,South Coast Valleys,5/28/2023,2100,148,0.00, ,0.00, ,0, ,1.5, ,16.0, ,82, ,13.0, ,1.1, ,189, ,18.6, 
75,Irvine,South Coast Valleys,5/28/2023,2200,148,0.00, ,0.00, ,0, ,1.5, ,15.8, ,85, ,13.3, ,0.6, ,5, ,18.6, 
75,Irvine,South Coast Valleys,5/28/2023,2300,148,0.00, ,0.00, ,0, ,1.6, ,15.4, ,90, ,13.8, ,0.5, ,87, ,18.6, 
75,Irvine,South Coast Valleys,5/28/2023,2400,148,0.00, ,0.00, ,0, ,1.6, ,15.3, ,93, ,14.2, ,0.5, ,272, ,18.6, 
75,Irvine,South Coast Valleys,5/29/2023,0100,149,0.00, ,0.00, ,0, ,1.6, ,15.3, ,94, ,14.3, ,0.4, ,311, ,18.6, 
75,Irvine,South Coast Valleys,5/29/2023,0200,149,0.00, ,0.00, ,0, ,1.6, ,15.3, ,92, ,14.1, ,1.0, ,98, ,18.5, 
75,Irvine,South Coast Valleys,5/29/2023,0300,149,0.00, ,0.00, ,0, ,1.5, ,15.3, ,88, ,13.4, ,1.5, ,85, ,18.5, 
75,Irvine,South Coast Valleys,5/29/2023,0400,149,0.00, ,0.10, ,0, ,1.6, ,14.9, ,93, ,13.8, ,1.5, ,85, ,18.5, 
75,Irvine,South Coast Valleys,5/29/2023,0500,149,0.00, ,0.30, ,0, ,1.6, ,14.5, ,96, ,13.9, ,1.3, ,103, ,18.5, 
75,Irvine,South Coast Valleys,5/29/2023,0600,149,0.00, ,0.10, ,16, ,1.6, ,14.5, ,97, ,14.0, ,0.6, ,91, ,18.5, 
75,Irvine,South Coast Valleys,5/29/2023,0700,149,0.02, ,0.00, ,46, ,1.6, ,14.7, ,98, ,14.3, ,1.1, ,113, ,18.5, 
75,Irvine,South Coast Valleys,5/29/2023,0800,149,0.01, ,0.00, ,74, ,1.6, ,14.5, ,99, ,14.5, ,1.4, ,118, ,18.4, 
75,Irvine,South Coast Valleys,5/29/2023,0900,149,0.05, ,0.00, ,160, ,1.7, ,15.0, ,99, ,14.7, ,1.2, ,97, ,18.4, 
75,Irvine,South Coast Valleys,5/29/2023,1000,149,0.06, ,0.00, ,198, ,1.7, ,15.8, ,93, ,14.7, ,1.6, ,89, ,18.4, 
75,Irvine,South Coast Valleys,5/29/2023,1100,149,0.01, ,0.20, ,136, ,1.6, ,15.7, ,91, ,14.3, ,1.7, ,149, ,18.4, 
75,Irvine,South Coast Valleys,5/29/2023,1200,149,0.04, ,0.20, ,194, ,1.7, ,15.7, ,94, ,14.7, ,1.5, ,151, ,18.4, 
75,Irvine,South Coast Valleys,5/29/2023,1300,149,0.06, ,0.00, ,213, ,1.7, ,15.9, ,93, ,14.7, ,1.5, ,111, ,18.4, 
75,Irvine,South Coast Valleys,5/29/2023,1400,149,0.11, ,0.00, ,275, ,1.6, ,16.0, ,91, ,14.5, ,1.5, ,79, ,18.4, 
75,Irvine,South Coast Valleys,5/29/2023,1500,149,0.27, ,0.00, ,459, ,1.6, ,17.5, ,81, ,14.2, ,1.6, ,68, ,18.4, 
75,Irvine,South Coast Valleys,5/29/2023,1600,149,0.13, ,0.00, ,231, ,1.6, ,18.2, ,74, ,13.5, ,1.6, ,42, ,18.4, 
75,Irvine,South Coast Valleys,5/29/2023,1700,149,0.07, ,0.00, ,108, ,1.5, ,18.1, ,71, ,12.8, ,1.7, ,92, ,18.4, 
75,Irvine,South Coast Valleys,5/29/2023,1800,149,0.04, ,0.00, ,34, ,1.4, ,16.9, ,74, ,12.1, ,2.1, ,113, ,18.5, 
75,Irvine,South Coast Valleys,5/29/2023,1900,149,0.02, ,0.00, ,5, ,1.4, ,16.1, ,79, ,12.4, ,1.8, ,108, ,18.5, 
75,Irvine,South Coast Valleys,5/29/2023,2000,149,0.01, ,0.00, ,0, ,1.5, ,15.7, ,82, ,12.6, ,1.5, ,41, ,18.5, 
75,Irvine,South Coast Valleys,5/29/2023,2100,149,0.00, ,0.00, ,0, ,1.4, ,15.4, ,83, ,12.5, ,1.1, ,18, ,18.6, 
75,Irvine,South Coast Valleys,5/29/2023,2200,149,0.00, ,0.00, ,0, ,1.5, ,15.3, ,85, ,12.7, ,1.3, ,19, ,18.6, 
75,Irvine,South Coast Valleys,5/29/2023,2300,149,,M,,M,,M,,M,,M,,M,,M,,M,,M,,M
75,Irvine,South Coast Valleys,5/29/2023,2400,149,,M,,M,,M,,M,,M,,M,,M,,M,,M,,M
                                                                                                                                                                                                                                                                                                                                                                                                                                                                                                                                                                                                                                                                                                                                                                                                                                                                                                                                                                                                                                                                